category,UK_mean,UK_range,US_mean,US_range,CA_mean,CA_range,AU_mean,AU_range
"Coffee, food and snacks",57.8,55.5-63.3,50.2,38.2-55.1,59.0,49.8-64.7,59.1,52.4-70.1
Fuel or EV charging,26.2,20.9-34.1,34.7,30.6-41.8,36.4,34.0-40.0,35.4,32.0-47.4
Car wash,3.1,2.2-3.9,4.0,3.0-5.0,3.3,2.4-3.9,4.5,2.7-9.4
Toilets/rest stop (loo + coffee),50.4,43.8-59.0,39.2,34.9-41.0,37.1,28.7-43.8,41.0,36.6-43.3
"Mounts, chargers, bike gear",0.9,0.6-1.2,1.0,0.6-1.6,1.7,0.7-2.3,1.1,0.4-1.7
"Tyres, servicing, MOT",1.3,0.5-2.0,1.2,0.8-1.6,1.3,0.2-2.7,0.8,0.2-1.3
Insurance and breakdown,0.2,0.1-0.4,0.4,0.1-0.8,0.1,0.0-0.4,0.2,0.0-0.5
Accounting/tax help,1.6,1.1-2.0,1.6,1.1-2.3,1.4,0.9-2.0,0.0,0.0-0.0
Gym or physio,0.5,0.1-0.9,0.5,0.1-0.8,0.7,0.2-1.1,0.5,0.2-0.8
Parking,8.7,5.1-11.4,7.9,5.6-10.5,8.8,6.3-11.1,9.2,6.4-12.0
Phone plans,0.3,0.1-0.5,0.2,0.0-0.4,0.2,0.0-0.6,0.2,0.0-0.4
Meal deals near hotspots,26.6,21.8-32.3,25.1,22.1-29.3,28.3,25.1-33.7,23.9,17.5-27.3
