category,kind,per100_month_mean,min_seed,max_seed,assumed_gbp_per_redemption,gbp_per100_month_mean,gbp_range
"Coffee, food and snacks",in-store,56.0,54.6,56.8,0.40,22.4,21.8-22.7
Toilets/rest stop (loo + coffee),in-store,43.2,40.3,46.3,0.45,19.4,18.1-20.9
Fuel or EV charging,in-store,32.1,29.3,34.5,0.75,24.1,22.0-25.9
Meal deals near hotspots,in-store,26.0,24.3,27.8,0.40,10.4,9.7-11.1
Parking,in-store,8.6,6.1,10.4,0.50,4.3,3.0-5.2
Car wash,in-store,3.6,3.3,4.0,1.25,4.6,4.1-5.0
Accounting/tax help,online,1.3,1.0,1.4,30.00,38.5,31.4-43.0
"Tyres, servicing, MOT",online,1.2,0.8,1.5,6.00,7.1,4.8-9.2
"Mounts, chargers, bike gear",online,1.1,0.9,1.3,3.00,3.3,2.8-3.9
Gym or physio,in-store,0.5,0.4,0.7,2.00,1.0,0.8-1.5
Insurance and breakdown,online,0.2,0.1,0.3,10.00,2.2,1.1-2.9
Phone plans,online,0.2,0.1,0.3,10.00,2.4,1.5-3.3
