category,food_car,food_moped,food_ebike,food_bicycle,parcels_van,ridehail,care,trades
"Coffee, food and snacks",77.6,74.9,72.0,56.5,40.6,42.5,44.7,27.7
Fuel or EV charging,44.8,38.6,0.0,0.0,35.8,50.1,22.7,26.0
Car wash,4.9,0.0,0.0,0.0,1.7,12.3,0.5,1.0
Toilets/rest stop (loo + coffee),59.0,64.6,61.8,67.7,23.6,43.9,13.7,5.4
"Mounts, chargers, bike gear",0.1,1.5,4.0,3.6,0.4,0.5,0.3,0.3
"Tyres, servicing, MOT",1.2,0.7,0.0,0.0,2.0,1.7,1.1,1.6
Insurance and breakdown,0.2,0.6,0.1,0.0,0.2,0.1,0.2,0.3
Accounting/tax help,1.1,1.0,0.9,1.2,1.8,1.1,0.8,2.5
Gym or physio,1.0,0.1,0.7,1.1,0.2,0.4,0.0,0.4
Parking,11.2,2.1,0.0,0.0,8.3,10.5,18.5,12.7
Phone plans,0.3,0.5,0.2,0.0,0.2,0.2,0.2,0.2
Meal deals near hotspots,47.0,46.6,50.7,47.8,5.4,9.1,3.5,2.6
