id,driver,work_and_pattern,top_3,quote
U1,"Priya, London","Deliveroo, car, peaks","Loo, Cof, Fuel","""A free loo in Zone 1 is worth more than the coffee."""
U2,"Kwame, Manchester","Uber Eats, e-bike, low income","Gear, Meal, Loo","""I need brake pads every month. Do that and I'm in."""
U3,"Dan, Kent","Amazon Flex van, 6am","Fuel, Cof, Tyre","""Coffee at quarter to six or don't bother."""
U4,"Sarah, Leeds","Care worker, split shifts","Park, Cof, Loo","""Parking fines eat my mileage allowance."""
U5,"Gary, Essex",Plumber,"Tax, Tyre, Fuel","""I'd use the tax one once a year and thank you for it."""
U6,"Aisha, Birmingham","Uber, nights, halal","Wash, Loo, Meal","""Clean car, better ratings. And halal options, please."""
U7,"Tom, Sheffield","Student, bicycle, vegan","Meal, Gear, Cof","""If the food deal is all meat, I'm not your user."""
U8,"Mick, Glasgow","Evri van, sceptic",Fuel,"""Coupon apps want your email. If this doesn't, maybe."""
U9,"Lena, Bristol","Stuart, moped","Loo, Cof, Gear","""Thirty minutes is fine if I'm already at the counter."""
U10,"Raj, Luton","Bolt/Uber, airport","Park, Wash, Fuel","""The airport waiting area is my real cost."""
U11,"Jo, Norwich","Weekend DPD, never redeems",—,"""Show me a total and I might."""
U12,"Femi, London","Uber, EV","Fuel, Loo, Wash","""Charging discounts beat coffee every day."""
S1,"Marcus, Atlanta","DoorDash, car","Fuel, Meal, Cof","""Gas is the only perk that moves my number."""
S2,"Jen, Phoenix","Instacart, school hours","Fuel, Cof, Tax","""Mid-morning deals, please."""
S3,"Carlos, LA","Uber/Lyft, nights","Wash, Fuel, Loo","""At 2am I need a bathroom without buying gum."""
S4,"Brittany, Ohio",Home health aide,"Fuel, Tax, Cof","""Every cent a gallon matters on 50 miles a day."""
S5,"Hector, Houston","Amazon Flex, early","Fuel, Cof, Tyre","""Ten cents a gallon every week and I'll open it."""
S6,"Dave, Denver",Electrician,"Tax, Tyre, Ins","""Show me Schedule C help in March."""
S7,"Kim, New York","Grubhub, e-bike","Gear, Loo, Meal","""Battery repair is my gas."""
S8,"Ray, Chicago","Uber, sceptic",—,"""Every deal app ends up selling my data."""
S9,"Aaliyah, Charlotte","DoorDash dinners, vegetarian","Meal, Cof, Fuel","""Dinner rush is when I'm hungry and cheap."""
S10,"Pete, Florida","Retired, part-time Lyft","Cof, Wash, Fuel","""I like a free coffee and a chat."""
S11,"Nate, Austin","Uber Eats, gym regular","Gym, Fuel, Meal","""A gym day pass near the hotspot? Weekly."""
S12,"Tasha, Arkansas","Spark, never redeems",Fuel,"""Automatic or nothing."""
C1,"Arjun, Toronto",Uber,"Tyre, Wash, Fuel","""Winter tyre swaps twice a year: that's the big one."""
C2,"Marie, Montréal","DoorDash, French speaker","Cof, Meal, Park","""Downtown parking is the real tax."""
C3,"Ben, Vancouver","Skip, e-bike, rain","Gear, Loo, Cof","""Rain gear deals in October, not July."""
C4,"Sandeep, Brampton","Instacart/Flex, early","Fuel, Cof, Tax","""Gas, then coffee, then nothing."""
C5,"Linda, Halifax",Personal support worker,"Fuel, Park, Cof","""Clients' streets have no parking."""
C6,"Jacques, Calgary",Roofer,"Tax, Tyre, Fuel","""GST and T2125 help, yes."""
C7,"Owen, Ottawa","Student, bicycle, vegan","Meal, Gear, Gym","""Cheap protein near campus."""
C8,"Grace, Toronto","Lyft, sceptic",Fuel,"""Another coupon app? Gone in a week."""
C9,"Pierre, Québec City",Parcel van,"Fuel, Tyre, Cof","""Fuel and winter tyres. Nothing fancy."""
C10,"Fatima, Mississauga","DoorDash lunches, halal","Meal, Cof, Loo","""A halal meal deal by the plaza, I'd go weekly."""
C11,"Ken, Winnipeg","Weekend Uber, never redeems",Wash,"""I'll look once. Maybe."""
C12,"Ruby, Vancouver","Uber, EV","Fuel, Wash, Cof","""Charger credit, not lattes."""
A1,"Josh, Sydney","Uber, airport","Wash, Fuel, Park","""Tolls and airport parking kill me."""
A2,"Mei, Melbourne","DoorDash, car","Cof, Meal, Fuel","""Proper coffee, not servo coffee."""
A3,"Liam, Brisbane","Menulog, e-bike","Loo, Gear, Cof","""A cold drink and a toilet at 3pm in January."""
A4,"Sarah K, Perth",NDIS support worker,"Fuel, Park, Tax","""Tax time in July is when I'd open it."""
A5,"Bruce, Adelaide",Electrician,"Tax, Tyre, Fuel","""Tyres, rego and the BAS, mate."""
A6,"Priyanka, Sydney","Uber Eats, moped","Loo, Meal, Gear","""Somewhere to stop that doesn't glare at my helmet."""
A7,"Tom W, Gold Coast","Amazon Flex, sceptic",—,"""I don't need an app telling me what to buy."""
A8,"Hannah, Canberra","Student, vegetarian","Meal, Cof, Gym","""Meal deals or nothing."""
A9,"Dave R, Melbourne","Courier van, early","Fuel, Cof, Tyre","""Fuel discount at 5am, that's it."""
A10,"Sam, Sydney","Uber, nights","Loo, Wash, Cof","""Nights need a safe, lit place to stop."""
A11,"Matt, Gold Coast","Uber, gym regular","Gym, Wash, Fuel","""A day pass between peaks."""
A12,"Jill, Hobart","Weekends, never redeems",—,"""I'd look at the total saved, not the offers."""
