attribute,value,drivers
country,AU,176
country,CA,170
country,UK,356
country,US,298
work,care,90
work,food_bicycle,47
work,food_car,195
work,food_ebike,142
work,food_moped,113
work,parcels_van,133
work,ridehail,184
work,trades,96
shift,daytime,191
shift,early,117
shift,mixed,214
shift,nights,139
shift,peaks,339
income,high,199
income,low,359
income,mid,442
diet,halal,86
diet,none,721
diet,other,56
diet,vegan,42
diet,vegetarian,95
coffee,heavy,300
coffee,none,234
coffee,some,466
att,enthusiast,206
att,neutral,457
att,never,150
att,sceptic,187
urban,yes,799
part_time,yes,280
pro,yes,142
ev,yes,44
holdout,yes,87
