assumption,level,all_redemptions_per100_month,pct_drivers_redeem_monthly,instore_netnew_pct,instore_cannibalised_pct,instore_incremental_visits_per100_month,gbp_per100_month,top_category
weekly Perks-tab open rate,x0.5,142.5,54.7,59.5,21.0,136.3,119.9,"Coffee, food and snacks"
weekly Perks-tab open rate,x1.0,174.1,58.1,60.0,21.2,163.8,139.6,"Coffee, food and snacks"
weekly Perks-tab open rate,x1.5,207.2,61.2,60.5,21.1,193.4,164.6,"Coffee, food and snacks"
partner coverage near drivers,x0.5,92.2,40.9,59.4,20.9,84.8,98.9,"Coffee, food and snacks"
partner coverage near drivers,x1.0,174.1,58.1,60.0,21.2,163.8,139.6,"Coffee, food and snacks"
partner coverage near drivers,x1.5,231.6,65.5,59.7,21.0,221.0,175.6,"Coffee, food and snacks"
share already a customer of the partner,x0.5,166.4,56.7,78.2,14.8,177.4,139.4,"Coffee, food and snacks"
share already a customer of the partner,x1.0,174.1,58.1,60.0,21.2,163.8,139.6,"Coffee, food and snacks"
share already a customer of the partner,x1.5,183.9,59.7,42.9,26.4,155.1,148.6,"Coffee, food and snacks"
