id,segment,age,gender,region,occupation,tech_comfort_1to5,weekly_business_miles,current_solution,first_impression_1to10,ease_of_understanding_1to10,visual_appeal_1to10,trust_privacy_1to10,would_download_1to10,would_pay_69yr_yes_no,nps_0to10,most_confusing_thing,most_wanted_missing_feature,quote
1,"employees",34,F,"Midwest - Ohio","Home health RN",4,180,"Paper log in glovebox","5",6,6,9,5,"no",5,"Says Deductions found but I'm W-2 and get reimbursed, not deducting","PDF/CSV export for employer reimbursement","Pretty and clean, but my agency wants a weekly mileage sheet. If I can't export it, this is just a nice number I can't use."
2,"employees",52,F,"South - Georgia","Hospice nurse",3,220,"Agency app (Axxess) plus paper","6",5,8,6,4,"no",3,"Whether patient homes count as business when I start from home","PDF/CSV export for employer reimbursement","The red commute warning scared me. I drive from my house straight to patients. Is that business or not? It doesn't say."
3,"employees",41,F,"South - Texas","Home health LPN",2,150,"Paper log","4",4,6,7,4,"no",5,"Swipe right vs tapping the buttons","PDF/CSV export for employer reimbursement","I wouldn't have known you could swipe. The buttons are fine. But I need to print it for my supervisor."
4,"employees",29,M,"West - Colorado","Visiting physical therapist",5,200,"MileIQ free tier","8",7,9,9,6,"no",6,"What 'Auto: usual route' actually means","PDF/CSV export for employer reimbursement","Looks cleaner than MileIQ and I like no account. Zero export though, so it's a non-starter until that ships."
5,"employees",38,F,"Northeast - New Jersey","Occupational therapist (school-based)",4,90,"Google Sheets","5",7,8,8,5,"no",5,"Dollar total uses IRS rate, my district pays a different rate","Custom reimbursement rate per employer","My district pays 50 cents a mile, not the IRS rate. The big dollar number is just wrong for me."
6,"employees",45,F,"Midwest - Illinois","Speech-language pathologist (itinerant)",3,110,"Paper district form","6",6,7,8,5,"no",4,"Why the total says deductions when the district reimburses me","Custom reimbursement rate per employer","Nice looking, but I fill out a district form monthly with each school. If it filled that form for me I'd love it."
7,"employees",31,M,"West - Oregon","Itinerant special ed teacher",4,75,"Notes app","7",6,8,8,6,"no",7,"How to mark a trip between two schools vs home to school","Monthly report grouped by date for employer form","Calm design, nice green. I'd use it if I could pick a month and copy the trips into my district's spreadsheet."
8,"employees",57,F,"Northeast - Pennsylvania","Music teacher traveling between 3 schools",2,60,"Paper log","5",6,6,6,2,"no",2,"The red warning line, felt like I was in trouble","Simple printable monthly log","Too much going on with all those green buttons. I just want a list I can print for the office."
9,"employees",36,F,"West - California","Medical social worker (home visits)",4,140,"Concur entry from memory","7",6,8,9,5,"no",6,"Whether data goes to my employer","Export straight to Concur","Privacy is good, my employer can't see my weekend drives. But I need something Concur will accept."
10,"employees",28,F,"South - North Carolina","Child protective services caseworker",4,250,"Paper log + state form","5",7,6,8,5,"no",4,"What happens to client addresses on the phone","Hide/blur client addresses in reports","I drive clients' addresses all day. Phone-only storage is a real plus. But I need the state form filled and addresses masked."
11,"employees",47,M,"South - Florida","Adult protective services investigator",3,200,"State paper form","4",6,6,8,4,"no",4,"Whether short stops merging could hide visits","Multiple stops per trip with each address","Merging stops under 5 minutes would break my log. Each home visit needs its own line even if I'm in and out fast."
12,"employees",44,M,"South - Arizona","Field service technician (HVAC, company van)",3,400,"Company telematics","4",6,6,7,3,"no",2,"Why I'd need it when the van has GPS already","Multiple vehicles","Company van already tracks me. Only use would be my personal truck on call, and then I need multiple vehicles."
13,"employees",26,M,"Midwest - Michigan","Cable install technician (own car)",5,350,"Everlance","7",9,8,9,6,"no",6,"Work hours setting has no per-week rotation","Multiple shifts / rotating schedule","Design's slick, honestly better than Everlance. But my schedule rotates every week and the work hours screen assumes 9 to 5."
14,"employees",50,M,"Northeast - New York","Elevator service technician",3,300,"Employer app","5",6,7,8,4,"no",3,"The $5.17 'worth' line, I don't get paid that","Custom reimbursement rate per employer","Union contract pays a flat rate per call. The dollar figures mean nothing to me."
15,"employees",39,F,"South - Tennessee","Pharmaceutical sales rep",5,500,"Company Motus app","4",8,6,8,4,"no",3,"Why I'd run two trackers","Integration with Motus/employer system","Prettier than Motus for sure, but my company mandates Motus. I'd only use this to double-check them."
16,"employees",33,M,"West - Washington","Medical device sales rep",5,450,"Motus","6",8,8,8,5,"no",5,"Business vs personal when I go to the gym between hospitals","Cloud sync/backup","Encrypted on phone only means if I lose my phone I lose my audit trail. That makes me nervous."
17,"employees",30,M,"South - Alabama","Youth pastor",3,80,"Nothing, rough estimate","7",6,8,8,6,"no",7,"What 'Add missed trip' does vs editing a trip","Simple printable monthly log","Church treasurer reimburses me if I give a list. This finally makes it easy, if it prints."
18,"employees",62,F,"Midwest - Indiana","Church administrator",2,40,"Paper envelope with receipts","5",6,7,7,4,"no",4,"What Always location means and if it drains battery","Onboarding tutorial","I don't like an app watching where I go all the time. My granddaughter would have to set it up."
19,"employees",55,M,"South - Texas","Lead pastor (small church)",3,120,"Paper log","7",6,7,8,5,"no",4,"Home to church shows as commute but I visit hospitals from home","Trip purposes like hospital visit / ministry","Clergy rules are weird and this flagged my hospital visits as commute. I'd need to fix that a lot."
20,"employees",66,F,"Midwest - Iowa","Parish nurse",2,50,"Paper notebook","4",4,5,7,3,"no",4,"The swipe gesture, I tapped and nothing slid","Onboarding tutorial","It's nice and green, like money. But I couldn't tell what to press first. Needs a little walkthrough."
21,"employees",48,F,"South - Louisiana","Home care aide",2,160,"Agency app (EVV)","6",4,7,7,3,"no",4,"Whether this replaces the agency check-in app","Export for employer reimbursement","My agency app already logs mileage for EVV. Don't see why I'd add another app that eats my battery."
22,"employees",23,F,"West - Nevada","Home care aide",4,190,"Agency EVV app","5",7,8,7,6,"no",6,"Business vs work trips, the words","PDF/CSV export for employer reimbursement","Cute icon! But the agency underpays mileage, so I want proof of what I actually drove. Need export to argue with them."
23,"employees",42,M,"South - Oklahoma","Insurance claims adjuster",4,600,"MileIQ premium","5",7,6,8,5,"no",5,"No map to verify the route","Maps of trips","I pay for MileIQ and this looks fresher, but without a map I can't defend a 60-mile trip to my manager."
24,"employees",51,M,"Midwest - Missouri","Real estate appraiser (employee)",3,300,"MileIQ","6",5,7,9,6,"no",5,"Whether categories other than Business/Personal exist","PDF/CSV export for employer reimbursement","Fine looking. MileIQ already works and exports. Why would I switch to something that can't export?"
25,"employees",37,F,"West - New Mexico","Probation officer",4,180,"County paper form","6",7,8,10,5,"no",5,"Whether location is shared with anyone","Hide/blur client addresses in reports","On-device only is exactly right for my job. Need a county-style report though."
26,"employees",44,F,"Northeast - Massachusetts","Public health nurse",4,120,"Excel","6",7,9,10,8,"yes",8,"The commute label on trips from home to a clinic","PDF/CSV export for employer reimbursement","This is the first tracker that doesn't want my email. If the department reimburses the Pro price I'd buy it."
27,"employees",35,F,"West - Utah","Dietitian doing home visits",4,100,"Stride","5",7,6,7,5,"no",5,"Deductions total vs reimbursement","Custom reimbursement rate per employer","Stride does the same tracking. Design here is nicer but the deduction number is misleading for employees."
28,"employees",49,M,"Midwest - Wisconsin","School psychologist",3,85,"District form from memory","5",5,7,9,4,"no",4,"How to tell it a school is a work place","Monthly report grouped by date for employer form","Saved places is smart. If I save my six schools it'll get trips right. Still need export."
29,"employees",27,F,"South - Georgia","Substitute teacher + DoorDash on weekends",5,140,"Gridwise","7",7,8,8,6,"no",7,"How weekend gig drives are separated from school trips","Gig shift mode","Two jobs, two kinds of mileage. Work hours toggle can't express 'Saturday when DoorDash is open'."
30,"employees",32,F,"Midwest - Minnesota","Hospital nurse + side Etsy business",4,40,"Nothing","9",7,8,9,7,"no",7,"Whether commute to hospital is deductible for Etsy trips","PDF/CSV export for taxes","For my Etsy post office runs the deduction number is legit motivating. Love the clean look."
31,"employees",45,M,"Northeast - Connecticut","Accountant + weekend Uber",5,200,"Stride","6",9,7,8,6,"no",6,"Using IRS standard rate with no rate year shown","Gig shift mode","Design is tidy. But Stride does shift tracking and export for free. You're behind on the gig side."
32,"employees",29,F,"South - South Carolina","Retail manager + Instacart",4,180,"Gridwise","5",8,7,6,4,"no",3,"Work hours for the W-2 job vs gig hours","Gig shift mode","My store hours are personal, my Instacart hours are business. This app has it backwards for me."
33,"employees",36,M,"West - California","Office worker + photography side gig",5,50,"Everlance","8",8,7,10,7,"no",8,"What Client means in saved places","Receipt scanning","Pretty, private, no ads. I'd pay if it did receipts too, Everlance does."
34,"employees",41,M,"Midwest - Kansas","Teacher + summer landscaping",3,120,"Paper log","5",6,6,7,6,"no",5,"Mon-Fri work hours default would mark school trips as business","PDF/CSV export for taxes","It'd mark my school commute as business because of the hours default. Had to read settings twice."
35,"employees",24,M,"South - Texas","Warehouse worker + Amazon Flex",4,300,"Nothing","7",6,7,6,5,"no",5,"Merging stops under 5 min for Flex routes","Gig shift mode","Blocks run 3-4 hours with 40 stops. If it merges all that, cool. If it splits into 40 trips I'm done."
36,"employees",53,F,"South - Kentucky","Dental hygienist + Avon sales",2,30,"Paper notebook","6",6,7,7,6,"no",7,"What the green number means","Onboarding tutorial","That $4,571 made my heart jump till I realized it's an example. I'd want someone to show me how it works."
37,"employees",22,F,"Northeast - New York","Bank teller + Rover dog walking",5,60,"Nothing","8",8,8,8,7,"no",6,"Short walks with dogs, would it count those","Gig shift mode","Icon is adorable. I barely drive for Rover but it's nice to see the tax number."
38,"employees",46,F,"South - Virginia","Nurse practitioner (house calls)",4,260,"Excel","6",6,7,8,5,"no",5,"Whether Business vs Personal is per trip only","PDF/CSV export for employer reimbursement","Clean and quick to read. Without export it's a demo, not a tool."
39,"employees",39,F,"West - Idaho","Wound care nurse (mobile)",3,300,"Paper log","5",5,6,7,5,"no",4,"Battery claim, Always location on all day","PDF/CSV export for employer reimbursement","300 miles a week of rural roads. If it doesn't kill my battery and exports, I'm in."
40,"employees",61,F,"Northeast - Maine","Home health RN",2,170,"Paper log","5",5,6,5,2,"no",2,"Swipe vs buttons and what Auto means","Simple printable monthly log","I've used paper 30 years. This looks nice but I don't trust my phone to remember every patient."
41,"employees",27,M,"Midwest - Ohio","Home health physical therapist assistant",5,210,"Everlance free","7",8,8,8,6,"no",5,"Why the commute warning shows on a business-marked trip","PDF/CSV export for employer reimbursement","Swipe to classify is quick. The commute warning on a trip I marked business is confusing, is it overriding me?"
42,"employees",58,F,"West - Arizona","Hospice social worker",3,160,"Paper log","5",6,8,7,6,"no",5,"Commute warning when I go home to patient","Trip purposes like patient visit","I liked the big buttons. The red text felt like the app scolding me."
43,"employees",50,F,"South - Mississippi","Home health aide supervisor",2,140,"Agency form","5",4,7,6,3,"no",3,"What Always location means","Onboarding tutorial","Why does it need to know where I am always? That's too much. I'd say Not now."
44,"employees",33,F,"West - California","Mobile phlebotomist",4,280,"Gridwise (wrong tool)","7",7,8,7,6,"no",5,"Merging of 3-minute draws into one trip","PDF/CSV export for employer reimbursement","I do 15 draws a day, many under 5 minutes. If it merges them my employer sees one big trip and that's a problem."
45,"employees",47,M,"Midwest - Nebraska","Mobile X-ray technologist",3,350,"Company log","6",6,7,8,5,"no",6,"Personal vs business trip at night calls","Multiple shifts / rotating schedule","On-call nights would land as personal because of the 9-5 default. Not smart enough for shift workers."
46,"employees",31,M,"Northeast - Massachusetts","Traveling IT support tech",5,250,"Concur from Google Maps history","7",8,8,9,8,"yes",8,"Nothing major; expected a map","Export straight to Concur","Love the local-only approach. Ship a Concur-friendly CSV and I'd pay, the time saved is worth it."
47,"employees",56,M,"South - Arkansas","Copier repair technician",2,400,"Paper log","5",6,8,5,2,"no",1,"Settings times in 24-hour format","Simple printable monthly log","17:00? I had to count on my fingers. Use AM/PM like a normal person."
48,"employees",38,M,"South - Florida","Pest control technician (own truck)",3,450,"Company app","7",7,7,9,5,"no",4,"Multiple vehicles","Multiple vehicles","I switch between my truck and my wife's car. One vehicle only is a problem."
49,"employees",42,F,"South - Virginia","Elementary art teacher (2 schools)",3,50,"District form from memory","4",7,6,8,6,"no",5,"Where trips between schools go","Monthly report grouped by date for employer form","Pleasant to look at. I'd use it to remember dates for the form, but I still have to copy everything by hand."
50,"employees",48,M,"South - Texas","High school band director",3,70,"Nothing","6",6,7,6,4,"no",5,"Deduction total for someone who can't deduct","Custom reimbursement rate per employer","Teachers can't deduct mileage anymore. Telling me I found $4,500 in deductions is just misleading."
51,"employees",35,F,"Midwest - Michigan","Head Start family advocate",3,130,"Paper log","4",7,6,9,5,"no",6,"What happens if phone dies mid trip","PDF/CSV export for employer reimbursement","Simple enough. My grant program needs a signed paper log each month though."
52,"employees",30,F,"Northeast - New Hampshire","Early intervention therapist",5,190,"Stride","8",9,9,9,6,"no",6,"Note field example says Client meeting, not patient visit","Hide/blur client addresses in reports","HIPAA-wise, phone-only storage is great. But exports must hide family addresses."
53,"employees",64,M,"South - Tennessee","Court-appointed guardian (agency)",2,100,"Paper log","4",5,6,7,3,"no",3,"Swipe and the toggles","Onboarding tutorial","The screens are tidy but I'm not a phone person. Big buttons good, swiping no."
54,"employees",26,F,"Midwest - Illinois","Catholic diocese youth minister",4,90,"Google Sheets","7",7,7,7,7,"no",8,"Whether church counts as Work in saved places","Simple printable monthly log","It's modern and doesn't ask me to sign up, which is rare. Need a report the diocese accepts."
55,"employees",59,M,"South - Georgia","Church facilities manager",2,60,"Receipts in a folder","4",4,6,7,4,"no",4,"What Light on battery means in practice","Simple printable monthly log","I'd rather write it down. But if it printed a page for the treasurer, maybe."
56,"employees",49,M,"Northeast - New York","Rabbi (small congregation)",4,60,"Notes app","6",7,7,8,5,"no",5,"Personal vs business on Shabbat hospital visits outside work hours","Trip purposes like hospital visit / ministry","Privacy is genuinely appealing. The work-hours idea doesn't fit clergy at all."
57,"employees",37,F,"West - Washington","Home health speech therapist",4,160,"Excel","6",7,7,9,6,"no",7,"1 to review, where is it","PDF/CSV export for employer reimbursement","I saw '1 to review' but couldn't figure out which trip. Make it tappable."
58,"employees",68,M,"Midwest - Ohio","Hospice chaplain",2,140,"Paper log","4",4,7,7,3,"no",3,"Swipe right vs left meaning","Onboarding tutorial","At my age, swipe means nothing. Show me in plain words what each button does."
59,"employees",54,F,"West - Montana","Visiting nurse (rural)",3,380,"Paper log","5",5,6,9,5,"no",5,"Battery and no-signal areas","Offline reliability notes / missed trip alerts","Out here half my drives have no signal. Tell me it still logs or I won't trust it."
60,"employees",28,F,"South - North Carolina","Pediatric home care RN",5,220,"MileIQ free","7",9,8,9,6,"no",7,"Whether free tier caps trips like MileIQ","PDF/CSV export for employer reimbursement","MileIQ cut me off at 40 drives. Unlimited free tracking is a big deal, I'd switch tomorrow if it exports."
61,"employees",40,M,"South - Texas","Hospital courier (W-2, own car)",3,500,"Employer sheet","5",6,7,6,5,"no",5,"Merging stops","PDF/CSV export for employer reimbursement","Fine. I need weekly totals my boss can read. Right now I can't get them out."
62,"employees",35,M,"Midwest - Missouri","Insurance field inspector",4,550,"Everlance","5",6,6,8,5,"no",5,"What 'Auto: work hours' vs 'usual route' priority is","Maps of trips","Labels are a nice touch, Everlance doesn't explain why. But no maps is a dealbreaker for disputes."
63,"employees",52,F,"West - Oregon","Field auditor (state agency)",4,200,"State travel system","7",7,8,9,4,"no",3,"Whether this logs out-of-state trips","Custom reimbursement rate per employer","Good bones. State rate differs from IRS. Let me set it."
64,"employees",43,M,"South - Alabama","Territory sales manager (beverage)",4,600,"Company Motus","4",6,7,8,4,"no",5,"Why I'd use it alongside Motus","Integration with Motus/employer system","My company reimburses through Motus. This is redundant for me."
65,"employees",30,F,"West - Colorado","Customer success rep (occasional client visits)",5,25,"Concur manual entry","6",9,7,8,4,"no",4,"Huge yearly total for someone who drives 25 mi/week","Export straight to Concur","I drive once a week for work. Always-on location for that? Manual trip add would be enough."
66,"employees",39,M,"Northeast - Pennsylvania","Architect (site visits, employee)",5,70,"Excel","5",8,6,9,5,"no",4,"Job site naming, Elm St","Export straight to Concur","Minimalist, nice type. Feels like it was designed by someone who cares. Needs export though."
67,"employees",28,M,"South - Florida","Construction project engineer",5,180,"Google Timeline","8",8,9,8,6,"no",6,"None, pretty clear","Maps of trips","Way cleaner than other trackers. I'd love a map tile on each trip."
68,"employees",34,F,"West - Utah","Environmental field scientist",4,250,"Field notebook","5",7,7,8,5,"no",5,"Multiple vehicles (state truck vs mine)","Multiple vehicles","Half my field days I'm in a state truck. It would log those as my car. Need a vehicle picker."
69,"employees",25,F,"Midwest - Iowa","Veterinary tech (farm calls)",4,150,"Nothing","7",7,8,8,5,"no",5,"Business vs personal when I ride with the vet","Multiple vehicles","Nice icon, kind of earthy. Works for me if I can skip trips where I'm a passenger."
70,"employees",46,M,"South - Virginia","Hospital IT trainer (multi-site)",4,100,"Concur","6",6,7,8,5,"no",5,"Commute warning between sites","Export straight to Concur","Commute logic between hospital sites is wrong, those are business. Good that I can override."
71,"employees",31,F,"Northeast - Rhode Island","Mental health crisis counselor (mobile)",4,170,"Paper log","5",7,7,9,5,"no",5,"Late shifts default as personal","Multiple shifts / rotating schedule","Night crisis calls would all go personal. Add shift exists but I didn't see it at first."
72,"employees",40,F,"West - California","Case manager (developmental disabilities)",3,190,"Agency form","6",6,7,7,5,"no",6,"Whether I can add who I transported","Trip purposes like client transport","I drive clients around. Need a field for that, the Note is too generic."
73,"employees",50,F,"South - Texas","School bus aide + Uber Eats",2,120,"Nothing","5",6,8,6,3,"no",3,"Everything about the work hours screen","Gig shift mode","Too many switches. I just want to press start when I begin delivering."
74,"employees",33,M,"Midwest - Illinois","Paralegal + weekend wedding DJ",4,60,"Stride","7",7,9,8,6,"no",7,"Saturdays are off by default","PDF/CSV export for taxes","Weekend gigs are my business miles. Easy to turn on Saturday but it's a guess."
75,"employees",44,F,"South - Tennessee","Nurse + Airbnb host",4,30,"Notes app","6",7,7,8,7,"no",8,"Whether Airbnb supply runs count","Receipt scanning","For my rental trips the deduction number is useful. I'd want receipts in the same place."
76,"employees",35,M,"West - Washington","Software engineer + Turo host",5,40,"Spreadsheet","6",7,7,10,6,"no",5,"Multiple vehicles","Multiple vehicles","Love local encryption, rare in this space. But Turo means several cars, and that's missing."
77,"employees",29,F,"Northeast - New Jersey","Teacher + tutoring business",4,50,"Nothing","8",7,7,9,7,"no",7,"Work hours would tag school trips business","PDF/CSV export for taxes","Pretty, calm, no signup. The work hours thing should be for my tutoring, not my day job."
78,"employees",38,M,"West - Nevada","Firefighter + handyman side business",3,150,"Paper","7",6,6,8,6,"no",5,"24-on/48-off shift doesn't fit weekday toggles","Multiple shifts / rotating schedule","Weekday toggles assume a desk job. My handyman work is any day I'm not on shift."
79,"employees",47,M,"Midwest - Ohio","Mail carrier + eBay reselling",3,60,"Nothing","7",6,8,7,6,"no",6,"Whether thrift store runs count","PDF/CSV export for taxes","Thrift runs add up. The dollar number is a nice nudge. Would need to give my accountant something."
80,"employees",21,F,"South - Georgia","Nursing student + DoorDash",5,200,"Gridwise","7",8,8,7,6,"no",6,"No shift start button","Gig shift mode","Gridwise has shift mode and earnings. This is pretty but I need to start and stop a dash."
81,"employees",19,M,"West - California","Barista + Lyft",5,250,"Nothing","7",8,8,8,6,"no",7,"IRS rate number","Gig shift mode","Looks nice. Free is the only price I'd pay. Lyft gives me an annual summary anyway."
82,"employees",55,M,"South - Florida","Hospital admin + Uber",3,180,"Uber annual summary","5",5,7,7,4,"no",5,"How it knows which drives are Uber","Gig shift mode","Uber already tells me online miles. Would this catch the deadhead miles? Not clear."
83,"employees",64,F,"South - Oklahoma","Church secretary + Mary Kay",2,25,"Paper calendar","6",6,7,6,5,"no",5,"Always location prompt","Onboarding tutorial","It's very pretty. But I wouldn't know to set it to Always. Too many steps without help."
84,"employees",70,M,"Midwest - Kansas","Retired teacher working part-time courier",2,150,"Paper log","3",6,6,6,3,"no",4,"Swipe, small grey text","Larger text option","Grey text is hard to read for me. The money number is big and clear, the rest is small."
85,"employees",59,F,"Northeast - Connecticut","School nurse covering 4 buildings",3,45,"District form","6",7,7,7,5,"no",5,"Personal/Business wording for school trips","Monthly report grouped by date for employer form","Building to building is reimbursable for me. It worked out the schools if I saved them. Need the monthly form."
86,"employees",36,F,"West - Arizona","Hospital float pool RN",4,80,"Nothing","5",7,7,7,5,"no",5,"Whether hospital-to-hospital counts","Custom reimbursement rate per employer","Float pool drives between campuses. Simple, clean UI. Rate setting needed."
87,"employees",44,M,"Midwest - Nebraska","Agricultural extension agent",3,320,"University travel form","5",7,6,8,6,"no",6,"No-signal rural areas","PDF/CSV export for employer reimbursement","University wants a travel form with odometer readings. No odometer field here."
88,"employees",29,F,"West - Montana","Wildlife biologist (state)",5,240,"Field notebook","6",8,7,9,5,"no",4,"Trips that start off-road","Multiple vehicles","On-device data is great. Need to mark state vehicle vs mine."
89,"employees",27,F,"South - Louisiana","Nonprofit outreach coordinator",4,90,"Google Sheets","7",6,8,8,7,"no",7,"Commute warning when office is my first stop","Simple printable monthly log","I like that it tells me commutes aren't deductible. Nobody ever explained that to me."
90,"employees",50,M,"South - North Carolina","Home inspector (employee of firm)",3,350,"MileIQ","4",5,8,7,4,"no",4,"Why no map","Maps of trips","MileIQ shows routes. This is just text. Looks modern but less useful."
91,"employees",23,F,"West - Oregon","Mobile vet assistant",5,160,"Nothing","8",8,9,9,6,"no",6,"None really","PDF/CSV export for employer reimbursement","Super easy to get. The leaf icon is cute. Just need to get it to my boss."
92,"employees",61,M,"South - Florida","Medicare insurance agent (captive, W-2)",3,280,"Paper log","7",7,8,8,5,"no",5,"What 'Not classified' means on trip screen","Simple printable monthly log","Trip screen has no business/personal choice, only From/To/Note. Odd."
93,"employees",43,M,"Midwest - Michigan","Social worker (VA home visits)",4,180,"Gov travel system","6",7,7,9,5,"no",6,"Whether VA would accept this as a log","PDF/CSV export for employer reimbursement","I trust it more than apps that phone home. Federal travel needs a specific format though."
94,"employees",38,M,"South - Kentucky","Respiratory therapist (home equipment)",3,330,"Company sheet","6",6,7,8,4,"no",4,"Battery","Bluetooth/CarPlay trip start","I'd want it to start with my car's Bluetooth like Everlance. GPS always-on worries me."
95,"employees",32,F,"South - Texas","Traveling nurse (agency, stipend)",4,100,"Nothing","6",7,7,8,6,"no",5,"Commute for temporary assignment","Cloud sync/backup","I switch phones and states a lot. No backup means I'll lose everything."
96,"employees",41,M,"Midwest - Indiana","Quality assurance inspector (factories)",4,260,"Concur","6",7,7,8,5,"no",5,"Merging stops when I grab gas","Export straight to Concur","Gas stop merging is actually nice. Concur export is what I'd pay for."
97,"employees",34,F,"South - South Carolina","Chiropractic assistant + Shipt",4,170,"Gridwise","6",6,7,8,6,"no",6,"Work hours meaning for two jobs","Gig shift mode","Shift mode please. My hours change every day for Shipt."
98,"employees",30,M,"West - Colorado","Optometry tech + weekend food truck",4,70,"Spreadsheet","7",7,7,8,7,"no",8,"Truck vs car","Multiple vehicles","Truck and car need separate logs. Clean UI otherwise."
99,"employees",63,F,"Midwest - Wisconsin","Bereavement coordinator (hospice)",2,90,"Paper log","6",4,8,7,3,"no",3,"Swipe","Larger text option","Lovely colors. I'm not sure I'd figure out the swiping. Buttons I can do."
100,"employees",45,F,"South - Georgia","Special Olympics program director",3,100,"Nonprofit form","7",6,7,8,6,"no",7,"Deduction total vs reimbursement","Simple printable monthly log","Reimbursement is what I need, not deductions. Rename it and add a printout."
