"id","segment","age","gender","region","occupation","tech_comfort_1to5","weekly_business_miles","current_solution","first_impression_1to10","ease_of_understanding_1to10","visual_appeal_1to10","trust_privacy_1to10","would_download_1to10","would_pay_69yr_yes_no","nps_0to10","most_confusing_thing","most_wanted_missing_feature","quote"
1,"professionals",58,"Female","Southwest","Real estate agent",4,125,"nothing",7,8,7,7,5,"no",4,"Work-hours rule marks every weekday drive as business; my hours are irregular","Cloud backup/sync so a lost phone doesn't lose my log","Work-hours rule is too blunt; my Saturdays are my busiest day. Local-only data is a liability for a tax record."
2,"professionals",30,"Female","Pacific Northwest","IT consultant",2,265,"MileIQ",6,4,7,7,5,"no",4,"Didn't know you could swipe; buttons and swipe both exist and it's unclear which is primary","Cloud backup/sync so a lost phone doesn't lose my log","Swipe-to-classify is fine, but nothing tells you it's there. Add iCloud backup and I'd move off MileIQ. Looks cleaner than MileIQ, but MileIQ has my history."
3,"professionals",37,"Male","Gulf Coast","Mobile pet groomer (owner)",5,360,"Stride",7,9,3,5,8,"yes",8,"Nothing major; it's fairly obvious","QuickBooks integration","Nothing confusing; it's the missing features that hurt. If it doesn't talk to QuickBooks, I'm double entering. Cheaper than MileIQ, so yes."
4,"professionals",66,"Male","Northeast","Insurance agent",1,180,"MileIQ",5,4,7,6,4,"no",4,"Home to Office trip is marked Business but also flagged red as non-deductible commute; contradictory","PDF/CSV export for taxes/accountant","The red commute warning on a trip it already marked Business is going to scare me at tax time. Without a CSV this is just a nice counter. $69.99 a year for a mileage log is steep."
5,"professionals",69,"Male","Mid-Atlantic","Freelance event planner",1,220,"Stride",5,4,8,6,7,"no",7,"Whether $4,571.69 is a tax refund, a deduction, or money I'll actually get back","Client/project tagging and per-client mileage totals","Big $4,571 number made me think it's money I'm getting back. It isn't; that's a deduction. I bill mileage per client, so I need totals by client. Free tier with unlimited tracking is all I'd use."
6,"professionals",35,"Female","Gulf Coast","Piano tuner (self-employed)",3,135,"nothing",7,5,6,7,8,"no",7,"Home to Office trip is marked Business but also flagged red as non-deductible commute; contradictory","Cloud backup/sync so a lost phone doesn't lose my log","It told me my sample pickup was business and in the same breath screamed red that it's a commute. Which one is it? Add iCloud backup and I'd move off MileIQ."
7,"professionals",62,"Male","Midwest","Real estate agent",3,130,"nothing",7,7,8,6,6,"no",6,"If data is only on my phone, what happens when I lose or replace it","Multi-stop trip view (showings route)","Love that it's on-device. Terrified it's only on-device. I've dropped two phones in a lake. Showings are multi-stop; show them as a route."
8,"professionals",26,"Female","West","Home inspector",5,450,"spreadsheet",8,9,7,6,8,"yes",8,"'Add business purpose' link vs Note field; are they the same thing?","PDF/CSV export for taxes/accountant","'Add business purpose' and 'Note' seem to be the same thing with two names. No export means my accountant can't use it. That's a dealbreaker today."
9,"professionals",28,"Male","Mid-Atlantic","Freelance event planner",5,155,"spreadsheet",8,8,6,7,7,"no",6,"What 'Auto: usual route' / 'Auto: work hours' means and whether I'm supposed to confirm it","PDF/CSV export for taxes/accountant","Tell me how sure it is, not just 'Auto: work hours'. No export means my accountant can't use it. That's a dealbreaker today."
10,"professionals",39,"Male","Mountain West","Territory manager (agriculture inputs)",3,925,"company truck",4,8,5,8,2,"no",2,"Whether this works for employer reimbursement vs a tax deduction (W-2, not self-employed)","Map of each trip / route","Employer already tracks me with Motus. Two apps tracking me all day? Pass. Show me the route on a map so I can remember which trip was which."
11,"professionals",35,"Male","Midwest","Medical device sales rep",5,730,"Motus (employer)",6,10,5,7,5,"no",2,"Work-hours rule marks every weekday drive as business; my hours are irregular","Employer reimbursement report (submit to Concur/expense)","Work-hours rule is too blunt; my Saturdays are my busiest day. Give me a monthly report I can attach to my expense report and I'm in."
12,"professionals",32,"Female","Northeast","Home health nurse (contract)",3,390,"paper log",6,7,4,7,5,"no",7,"Whether this works for employer reimbursement vs a tax deduction (W-2, not self-employed)","Employer reimbursement report (submit to Concur/expense)","I'm W-2, I don't deduct mileage, I get reimbursed. The whole 'deductions' pitch doesn't fit me. I need it to spit out the exact format Concur wants. Beats my glovebox notebook, I'll give it that."
13,"professionals",36,"Female","Southwest","Outside sales rep (industrial supplies)",2,355,"Company Concur mileage",4,5,8,8,3,"no",2,"Whether this works for employer reimbursement vs a tax deduction (W-2, not self-employed)","PDF/CSV export for taxes/accountant","My company reimburses through Concur. If I can't get a report out of this, it's useless to me. Until I can hand a PDF to my CPA, it's a toy."
14,"professionals",29,"Female","Gulf Coast","Physical therapist (home visits)",4,310,"MileIQ",5,7,6,7,6,"no",5,"Trip detail screen has no Business/Personal choice or purpose field, just Note","PDF/CSV export for taxes/accountant","The trip screen lets me edit From and To but not business/personal or purpose. Odd. No export means my accountant can't use it. That's a dealbreaker today."
15,"professionals",46,"Female","Texas","Interior designer",4,210,"nothing",7,7,4,8,8,"yes",7,"I work from home office, so is Home to client a commute or business?","Client/project tagging and per-client mileage totals","I work from a home office, so Home to a client is business. Will it call that a commute? Tag trips to a claim number or client; that's how I get paid back."
16,"professionals",45,"Male","Gulf Coast","Staff insurance field adjuster",4,520,"Company app",5,7,5,8,2,"no",2,"What 'Worth $5.17 if business' is based on (which IRS rate?)","Employer reimbursement report (submit to Concur/expense)","$5.17 on a 6.8 mile trip; ok, but say it's the IRS rate so I trust it. Give me a monthly report I can attach to my expense report and I'm in."
17,"professionals",62,"Male","Gulf Coast","Photographer (weddings/real estate)",1,90,"Stride",4,6,5,6,4,"no",1,"Didn't know you could swipe; buttons and swipe both exist and it's unclear which is primary","Onboarding tutorial","I'd never have found the swipe. Just give me two big buttons. Show me what to do the first time. I don't know the swiping stuff. I'm done paying for subscriptions."
18,"professionals",62,"Male","West","Physical therapist (home visits)",1,195,"MileIQ",4,5,7,7,4,"no",3,"Didn't know you could swipe; buttons and swipe both exist and it's unclear which is primary","PDF/CSV export for taxes/accountant","Swipe-to-classify is fine, but nothing tells you it's there. Without a CSV this is just a nice counter."
19,"professionals",31,"Male","Texas","Bookkeeper with on-site clients",5,125,"QuickBooks",7,8,5,7,7,"no",7,"Home to Office trip is marked Business but also flagged red as non-deductible commute; contradictory","Map of each trip / route","Red text under a green Business button looks like the app is arguing with itself. Show me the route on a map so I can remember which trip was which."
20,"professionals",60,"Male","Texas","Piano tuner (self-employed)",5,230,"paper log",9,9,6,7,8,"yes",6,"What 'Auto: usual route' / 'Auto: work hours' means and whether I'm supposed to confirm it","PDF/CSV export for taxes/accountant","Tell me how sure it is, not just 'Auto: work hours'. No export means my accountant can't use it. That's a dealbreaker today."
21,"professionals",27,"Male","Mountain West","Landscaping company owner",5,210,"nothing",7,8,6,5,5,"no",5,"'Add business purpose' link vs Note field; are they the same thing?","PDF/CSV export for taxes/accountant","'Add business purpose' and 'Note' seem to be the same thing with two names. Until I can hand a PDF to my CPA, it's a toy."
22,"professionals",29,"Female","Pacific Northwest","HVAC business owner",4,415,"fleet GPS (Samsara)",4,7,6,8,3,"no",2,"Home to Office trip is marked Business but also flagged red as non-deductible commute; contradictory","PDF/CSV export for taxes/accountant","Red text under a green Business button looks like the app is arguing with itself. No export means my accountant can't use it. That's a dealbreaker today. Would rather pay lifetime than yearly."
23,"professionals",30,"Male","Mid-Atlantic","Beverage distributor sales rep",4,540,"MileIQ",6,6,6,8,5,"no",4,"Whether this works for employer reimbursement vs a tax deduction (W-2, not self-employed)","Cloud backup/sync so a lost phone doesn't lose my log","I'm W-2, I don't deduct mileage, I get reimbursed. The whole 'deductions' pitch doesn't fit me. Add iCloud backup and I'd move off MileIQ. MileIQ already does this and exports. Why switch?"
24,"professionals",63,"Male","Southeast","Territory manager (agriculture inputs)",2,960,"Motus (employer)",4,7,5,10,1,"no",0,"Whether this works for employer reimbursement vs a tax deduction (W-2, not self-employed)","Cloud backup/sync so a lost phone doesn't lose my log","My company reimburses through Concur. If I can't get a report out of this, it's useless to me. Add iCloud backup and I'd move off MileIQ."
25,"professionals",32,"Female","West","Mortgage loan officer",4,175,"calendar reconstruct",6,8,8,8,7,"no",7,"Trip detail screen has no Business/Personal choice or purpose field, just Note","PDF/CSV export for taxes/accountant","Trip detail is bare; no map, no category, no miles edit. Without a CSV this is just a nice counter. $69.99 a year for a mileage log is steep."
26,"professionals",69,"Female","Mid-Atlantic","HVAC business owner",3,315,"fleet GPS (Samsara)",9,7,5,5,8,"no",8,"If data is only on my phone, what happens when I lose or replace it","PDF/CSV export for taxes/accountant","Love that it's on-device. Terrified it's only on-device. I've dropped two phones in a lake. Until I can hand a PDF to my CPA, it's a toy. Free tier with unlimited tracking is all I'd use."
27,"professionals",67,"Non-binary","Northeast","Plumbing business owner",1,250,"QuickBooks",4,6,5,6,4,"yes",3,"Work-hours rule marks every weekday drive as business; my hours are irregular","Android version for my team/spouse","My days aren't 9 to 5. Showings at 7pm would get marked personal. My partner and half my team are on Android. If it saves me a Sunday of log fixing, $70 is nothing."
28,"professionals",34,"Female","West","Landscaping company owner",2,350,"spreadsheet",3,4,5,8,3,"no",3,"Work-hours rule marks every weekday drive as business; my hours are irregular","Cloud backup/sync so a lost phone doesn't lose my log","Work-hours rule is too blunt; my Saturdays are my busiest day. Add iCloud backup and I'd move off MileIQ. $69.99 a year for a mileage log is steep."
29,"professionals",33,"Female","West","Pharmaceutical sales rep",2,495,"Motus (employer)",4,4,5,9,3,"no",3,"Didn't know you could swipe; buttons and swipe both exist and it's unclear which is primary","Calendar/CRM integration to auto-fill client and purpose","I tapped the card and got a form; I didn't realize swiping did anything. Hook into Salesforce visits and I'm sold."
30,"professionals",30,"Female","Northeast","Beverage distributor sales rep",5,535,"company app",6,9,6,8,4,"yes",3,"What 'Auto: usual route' / 'Auto: work hours' means and whether I'm supposed to confirm it","Android version for my team/spouse","I like that it guesses, but the Auto labels read like debug text. Can't roll it out to my crew without Android."
31,"professionals",24,"Female","Mid-Atlantic","Commercial real estate broker",5,165,"MileIQ",6,7,4,7,7,"no",6,"Home to Office trip is marked Business but also flagged red as non-deductible commute; contradictory","Map of each trip / route","It told me my sample pickup was business and in the same breath screamed red that it's a commute. Which one is it? A map would help me spot when it got the trip wrong."
32,"professionals",61,"Male","Mid-Atlantic","Mobile pet groomer (owner)",3,380,"nothing",6,9,6,7,6,"yes",5,"How saved places (Client) get created; I have 40 different clients","QuickBooks integration","Client places only works if my clients sit still. Mine don't. QuickBooks sync or my bookkeeper won't touch it."
33,"professionals",24,"Male","West","Financial advisor",2,120,"nothing",6,6,5,6,4,"no",2,"Didn't know you could swipe; buttons and swipe both exist and it's unclear which is primary","Cloud backup/sync so a lost phone doesn't lose my log","Swipe-to-classify is fine, but nothing tells you it's there. Local-only data is a liability for a tax record."
34,"professionals",37,"Female","Southwest","Plumbing business owner",4,215,"fleet GPS (Verizon Connect)",8,7,6,8,8,"yes",8,"Home to Office trip is marked Business but also flagged red as non-deductible commute; contradictory","Multiple vehicles","Red text under a green Business button looks like the app is arguing with itself. I have two trucks and my own car; one vehicle doesn't work."
35,"professionals",33,"Female","Texas","Home health nurse (contract)",5,490,"paper log",7,8,6,7,5,"no",5,"Trip detail screen has no Business/Personal choice or purpose field, just Note","Employer reimbursement report (submit to Concur/expense)","The trip screen lets me edit From and To but not business/personal or purpose. Odd. Give me a monthly report I can attach to my expense report and I'm in. Employer pays for the app or I don't use it."
36,"professionals",31,"Male","Southwest","Plumbing business owner",4,425,"fleet GPS (Verizon Connect)",7,8,6,7,5,"no",4,"Work-hours rule marks every weekday drive as business; my hours are irregular","PDF/CSV export for taxes/accountant","Work-hours rule is too blunt; my Saturdays are my busiest day. No export means my accountant can't use it. That's a dealbreaker today. $69.99 a year for a mileage log is steep."
37,"professionals",36,"Male","Midwest","Medical device sales rep",3,570,"MileIQ",6,9,5,8,7,"yes",8,"Whether this works for employer reimbursement vs a tax deduction (W-2, not self-employed)","Web dashboard to review on a laptop","I'm W-2, I don't deduct mileage, I get reimbursed. The whole 'deductions' pitch doesn't fit me. I review my log on a laptop on Fridays; give me a web view. MileIQ already does this and exports. Why switch?"
38,"professionals",30,"Female","Pacific Northwest","Home inspector",4,415,"MileIQ",7,8,7,7,8,"no",6,"Home to Office trip is marked Business but also flagged red as non-deductible commute; contradictory","PDF/CSV export for taxes/accountant","It told me my sample pickup was business and in the same breath screamed red that it's a commute. Which one is it? Without a CSV this is just a nice counter. Would rather pay lifetime than yearly."
39,"professionals",37,"Male","Gulf Coast","Pharmaceutical sales rep",3,400,"company car app",6,7,5,6,3,"no",2,"Whether this works for employer reimbursement vs a tax deduction (W-2, not self-employed)","PDF/CSV export for taxes/accountant","My company reimburses through Concur. If I can't get a report out of this, it's useless to me. Until I can hand a PDF to my CPA, it's a toy."
40,"professionals",61,"Female","Southwest","Landscaping company owner",2,340,"QuickBooks",7,5,6,6,8,"yes",5,"Whether $4,571.69 is a tax refund, a deduction, or money I'll actually get back","Multiple vehicles","Big $4,571 number made me think it's money I'm getting back. It isn't; that's a deduction. I swap between the work van and my SUV daily."
41,"professionals",72,"Female","Mountain West","Property manager",1,275,"spreadsheet",8,8,7,6,7,"yes",8,"What 'Worth $5.17 if business' is based on (which IRS rate?)","PDF/CSV export for taxes/accountant","$5.17 on a 6.8 mile trip; ok, but say it's the IRS rate so I trust it. Without a CSV this is just a nice counter. Cheaper than MileIQ, so yes."
42,"professionals",72,"Female","Southeast","Commercial real estate broker",2,310,"spreadsheet",5,6,6,4,5,"no",5,"Why it needs 'Always' location; worried about battery and being tracked","Map of each trip / route","Every app says light on battery. MileIQ said that too and it ate my battery. Show me the route on a map so I can remember which trip was which. I'm done paying for subscriptions."
43,"professionals",60,"Female","Texas","IT consultant",4,70,"spreadsheet",7,8,5,8,7,"no",4,"What 'Auto: usual route' / 'Auto: work hours' means and whether I'm supposed to confirm it","Calendar/CRM integration to auto-fill client and purpose","Tell me how sure it is, not just 'Auto: work hours'. Pull the client name from my calendar and I'd never type a note. $69.99 a year for a mileage log is steep."
44,"professionals",48,"Male","Texas","Interior designer",3,235,"spreadsheet",7,7,3,5,7,"yes",7,"Whether $4,571.69 is a tax refund, a deduction, or money I'll actually get back","CarPlay/Bluetooth auto-start","Big $4,571 number made me think it's money I'm getting back. It isn't; that's a deduction. Bluetooth start would make me trust it didn't miss trips. I'd pay the $69.99 once export exists; I expense it anyway."
45,"professionals",45,"Female","West","Mobile notary / loan signing agent",3,595,"Everlance",6,7,4,7,5,"no",4,"Whether quick stops (showings, drop-offs) get merged into one trip and lose stops","Cloud backup/sync so a lost phone doesn't lose my log","Does a 4-minute drop-off become part of one long trip? I need each stop. Local-only data is a liability for a tax record."
46,"professionals",43,"Non-binary","Southwest","Tutor (in-home, own business)",4,110,"spreadsheet",7,7,8,6,8,"no",6,"Home to Office trip is marked Business but also flagged red as non-deductible commute; contradictory","CarPlay/Bluetooth auto-start","It told me my sample pickup was business and in the same breath screamed red that it's a commute. Which one is it? Bluetooth start would make me trust it didn't miss trips."
47,"professionals",42,"Female","Southwest","Construction project estimator",3,430,"Concur",5,8,4,8,4,"no",4,"Whether this works for employer reimbursement vs a tax deduction (W-2, not self-employed)","Map of each trip / route","I'm W-2, I don't deduct mileage, I get reimbursed. The whole 'deductions' pitch doesn't fit me. Show me the route on a map so I can remember which trip was which. Employer pays for the app or I don't use it."
48,"professionals",56,"Male","Southeast","Mobile pet groomer (owner)",3,255,"nothing",7,6,9,5,8,"no",9,"How saved places (Client) get created; I have 40 different clients","Multiple vehicles","I see 30 different houses a week. Saved places won't keep up. I have two trucks and my own car; one vehicle doesn't work. I'm done paying for subscriptions."
49,"professionals",44,"Male","Gulf Coast","Construction project estimator",4,225,"paper log",6,7,8,6,5,"no",4,"Whether this works for employer reimbursement vs a tax deduction (W-2, not self-employed)","Employer reimbursement report (submit to Concur/expense)","I'm W-2, I don't deduct mileage, I get reimbursed. The whole 'deductions' pitch doesn't fit me. Give me a monthly report I can attach to my expense report and I'm in."
50,"professionals",69,"Male","Northeast","Interior designer",3,220,"Everlance",6,7,7,6,7,"yes",7,"What 'Worth $5.17 if business' is based on (which IRS rate?)","Client/project tagging and per-client mileage totals","The 'Worth $X if business' nudge is clever. Just show the rate. Tag trips to a claim number or client; that's how I get paid back. If it saves me a Sunday of log fixing, $70 is nothing."
51,"professionals",43,"Male","Southwest","Outside sales rep (industrial supplies)",3,445,"Company Concur mileage",5,5,5,8,3,"no",2,"Whether $4,571.69 is a tax refund, a deduction, or money I'll actually get back","Employer reimbursement report (submit to Concur/expense)","Big $4,571 number made me think it's money I'm getting back. It isn't; that's a deduction. I need it to spit out the exact format Concur wants. My company reimburses me, so why would I pay?"
52,"professionals",50,"Female","Northeast","Mobile notary / loan signing agent",2,485,"paper log",6,5,6,8,6,"no",5,"Didn't know you could swipe; buttons and swipe both exist and it's unclear which is primary","Cloud backup/sync so a lost phone doesn't lose my log","I tapped the card and got a form; I didn't realize swiping did anything. Add iCloud backup and I'd move off MileIQ."
53,"professionals",64,"Male","Southeast","Home inspector",2,320,"Everlance",7,5,6,6,6,"no",5,"Home to Office trip is marked Business but also flagged red as non-deductible commute; contradictory","CarPlay/Bluetooth auto-start","It told me my sample pickup was business and in the same breath screamed red that it's a commute. Which one is it? My phone is in CarPlay all day; start trips off that. Free tier with unlimited tracking is all I'd use."
54,"professionals",68,"Female","Pacific Northwest","Pharmaceutical sales rep",3,465,"Company fleet car + Veeva log",5,7,9,6,5,"no",4,"Whether this works for employer reimbursement vs a tax deduction (W-2, not self-employed)","Calendar/CRM integration to auto-fill client and purpose","My company reimburses through Concur. If I can't get a report out of this, it's useless to me. Pull the client name from my calendar and I'd never type a note."
55,"professionals",30,"Female","Texas","Freelance event planner",2,135,"nothing",7,5,7,7,7,"no",7,"Home to Office trip is marked Business but also flagged red as non-deductible commute; contradictory","Client/project tagging and per-client mileage totals","The red commute warning on a trip it already marked Business is going to scare me at tax time. Tag trips to a claim number or client; that's how I get paid back. I'm done paying for subscriptions."
56,"professionals",70,"Male","Mountain West","Tutor (in-home, own business)",2,105,"spreadsheet",6,6,7,5,5,"yes",4,"How saved places (Client) get created; I have 40 different clients","PDF/CSV export for taxes/accountant","I see 30 different houses a week. Saved places won't keep up. Until I can hand a PDF to my CPA, it's a toy."
57,"professionals",52,"Male","Northeast","Insurance agent",5,90,"nothing",7,10,7,6,6,"no",5,"What 'Worth $5.17 if business' is based on (which IRS rate?)","Cloud backup/sync so a lost phone doesn't lose my log","$5.17 on a 6.8 mile trip; ok, but say it's the IRS rate so I trust it. Local-only data is a liability for a tax record. Free tier with unlimited tracking is all I'd use."
58,"professionals",31,"Female","West","Financial advisor",5,40,"nothing",7,8,5,6,7,"yes",6,"What 'Auto: usual route' / 'Auto: work hours' means and whether I'm supposed to confirm it","Cloud backup/sync so a lost phone doesn't lose my log","Tell me how sure it is, not just 'Auto: work hours'. Add iCloud backup and I'd move off MileIQ. Cheaper than MileIQ, so yes."
59,"professionals",51,"Male","Texas","Insurance agent",4,85,"paper log",9,6,4,7,8,"no",7,"'Add business purpose' link vs Note field; are they the same thing?","PDF/CSV export for taxes/accountant","The IRS wants purpose; make it required, not a little green link. Until I can hand a PDF to my CPA, it's a toy. Still easier than my paper log."
60,"professionals",30,"Male","Southwest","Independent management consultant",2,160,"QuickBooks",5,6,4,7,4,"no",3,"Whether $4,571.69 is a tax refund, a deduction, or money I'll actually get back","PDF/CSV export for taxes/accountant","Deductions found sounds like a refund ad. Say miles first, dollars second. Without a CSV this is just a nice counter."
61,"professionals",70,"Female","Southwest","IT consultant",5,165,"nothing",7,9,7,6,7,"no",5,"Work-hours rule marks every weekday drive as business; my hours are irregular","Calendar/CRM integration to auto-fill client and purpose","Work-hours rule is too blunt; my Saturdays are my busiest day. Pull the client name from my calendar and I'd never type a note."
62,"professionals",55,"Non-binary","Gulf Coast","Property manager",5,175,"MileIQ",7,9,4,7,6,"no",6,"Nothing major; it's fairly obvious","Map of each trip / route","Nothing confusing; it's the missing features that hurt. Show me the route on a map so I can remember which trip was which."
63,"professionals",22,"Male","Mountain West","Real estate agent",4,145,"QuickBooks Self-Employed",7,6,5,6,6,"yes",5,"What 'Auto: usual route' / 'Auto: work hours' means and whether I'm supposed to confirm it","PDF/CSV export for taxes/accountant","'Auto: usual route' sounds like it decided for me. Did it? Do I need to confirm? Until I can hand a PDF to my CPA, it's a toy. I'd pay the $69.99 once export exists; I expense it anyway."
64,"professionals",41,"Male","Southeast","Property manager",2,205,"QuickBooks",7,5,6,7,6,"no",4,"Didn't know you could swipe; buttons and swipe both exist and it's unclear which is primary","PDF/CSV export for taxes/accountant","I tapped the card and got a form; I didn't realize swiping did anything. Without a CSV this is just a nice counter."
65,"professionals",60,"Female","Mountain West","Independent insurance adjuster",4,790,"TripLog",5,7,6,6,3,"no",2,"What 'Auto: usual route' / 'Auto: work hours' means and whether I'm supposed to confirm it","CarPlay/Bluetooth auto-start","I like that it guesses, but the Auto labels read like debug text. My phone is in CarPlay all day; start trips off that."
66,"professionals",45,"Male","Northeast","Independent management consultant",5,140,"spreadsheet",6,7,4,8,5,"no",3,"I work from home office, so is Home to client a commute or business?","Map of each trip / route","I work from a home office, so Home to a client is business. Will it call that a commute? Show me the route on a map so I can remember which trip was which. Free tier with unlimited tracking is all I'd use."
67,"professionals",66,"Female","Pacific Northwest","Outside sales rep (industrial supplies)",3,625,"Excel spreadsheet",5,7,7,8,5,"no",5,"What 'Worth $5.17 if business' is based on (which IRS rate?)","Map of each trip / route","The 'Worth $X if business' nudge is clever. Just show the rate. A map would help me spot when it got the trip wrong. Employer pays for the app or I don't use it."
68,"professionals",37,"Male","Mid-Atlantic","Financial advisor",2,85,"MileIQ",5,6,5,8,6,"no",4,"Home to Office trip is marked Business but also flagged red as non-deductible commute; contradictory","PDF/CSV export for taxes/accountant","Red text under a green Business button looks like the app is arguing with itself. Until I can hand a PDF to my CPA, it's a toy. MileIQ already does this and exports. Why switch?"
69,"professionals",24,"Female","Southwest","Beverage distributor sales rep",5,645,"Concur",6,8,4,6,5,"no",4,"Whether $4,571.69 is a tax refund, a deduction, or money I'll actually get back","Employer reimbursement report (submit to Concur/expense)","Deductions found sounds like a refund ad. Say miles first, dollars second. Give me a monthly report I can attach to my expense report and I'm in."
70,"professionals",34,"Male","Mid-Atlantic","Freelance event planner",3,150,"Stride",6,6,5,8,7,"no",7,"Home to Office trip is marked Business but also flagged red as non-deductible commute; contradictory","Cloud backup/sync so a lost phone doesn't lose my log","Red text under a green Business button looks like the app is arguing with itself. Add iCloud backup and I'd move off MileIQ. Would rather pay lifetime than yearly."
71,"professionals",68,"Female","West","Construction project estimator",1,430,"paper log",5,4,7,5,5,"no",3,"Didn't know you could swipe; buttons and swipe both exist and it's unclear which is primary","PDF/CSV export for taxes/accountant","Swipe-to-classify is fine, but nothing tells you it's there. Until I can hand a PDF to my CPA, it's a toy. My company reimburses me, so why would I pay?"
72,"professionals",28,"Female","Gulf Coast","Independent management consultant",4,205,"calendar + guesswork",8,7,6,6,8,"no",6,"What 'Auto: usual route' / 'Auto: work hours' means and whether I'm supposed to confirm it","Calendar/CRM integration to auto-fill client and purpose","'Auto: usual route' sounds like it decided for me. Did it? Do I need to confirm? Pull the client name from my calendar and I'd never type a note. I'm done paying for subscriptions."
73,"professionals",66,"Female","Northeast","Bookkeeper with on-site clients",2,105,"spreadsheet",9,6,8,8,8,"yes",7,"I work from home office, so is Home to client a commute or business?","PDF/CSV export for taxes/accountant","I work from a home office, so Home to a client is business. Will it call that a commute? No export means my accountant can't use it. That's a dealbreaker today."
74,"professionals",35,"Male","Gulf Coast","Mobile notary / loan signing agent",4,265,"Everlance",5,8,4,7,3,"no",4,"What 'Worth $5.17 if business' is based on (which IRS rate?)","PDF/CSV export for taxes/accountant","The 'Worth $X if business' nudge is clever. Just show the rate. Without a CSV this is just a nice counter."
75,"professionals",31,"Male","Southeast","Beverage distributor sales rep",5,485,"MileIQ",6,9,6,5,3,"no",2,"What 'Auto: usual route' / 'Auto: work hours' means and whether I'm supposed to confirm it","PDF/CSV export for taxes/accountant","'Auto: usual route' sounds like it decided for me. Did it? Do I need to confirm? Until I can hand a PDF to my CPA, it's a toy. Employer pays for the app or I don't use it."
76,"professionals",45,"Male","Gulf Coast","Plumbing business owner",3,260,"fleet GPS (Verizon Connect)",5,6,6,6,8,"no",7,"Whether $4,571.69 is a tax refund, a deduction, or money I'll actually get back","Multiple vehicles","Deductions found sounds like a refund ad. Say miles first, dollars second. I swap between the work van and my SUV daily. Free tier with unlimited tracking is all I'd use."
77,"professionals",68,"Male","Midwest","Insurance agent",1,190,"paper log",6,4,4,5,5,"no",3,"Didn't know you could swipe; buttons and swipe both exist and it's unclear which is primary","Cloud backup/sync so a lost phone doesn't lose my log","I'd never have found the swipe. Just give me two big buttons. Add iCloud backup and I'd move off MileIQ."
78,"professionals",48,"Female","West","Tutor (in-home, own business)",5,90,"nothing",7,9,7,8,7,"no",7,"What 'Auto: usual route' / 'Auto: work hours' means and whether I'm supposed to confirm it","PDF/CSV export for taxes/accountant","'Auto: usual route' sounds like it decided for me. Did it? Do I need to confirm? No export means my accountant can't use it. That's a dealbreaker today. Free tier with unlimited tracking is all I'd use."
79,"professionals",26,"Male","Mid-Atlantic","Independent insurance adjuster",5,915,"TripLog",7,9,6,8,5,"yes",3,"Nothing major; it's fairly obvious","Tolls and parking expense logging","Clean and obvious. Honestly simpler than MileIQ. Ezpass/tolls with the trip please. Cheaper than MileIQ, so yes."
80,"professionals",53,"Female","Pacific Northwest","Financial advisor",4,145,"MileIQ",5,7,7,8,4,"no",5,"Home to Office trip is marked Business but also flagged red as non-deductible commute; contradictory","Map of each trip / route","The red commute warning on a trip it already marked Business is going to scare me at tax time. Show me the route on a map so I can remember which trip was which."
81,"professionals",40,"Female","Midwest","Home health nurse (contract)",4,295,"agency app",6,7,5,6,6,"no",5,"Home to Office trip is marked Business but also flagged red as non-deductible commute; contradictory","Employer reimbursement report (submit to Concur/expense)","Red text under a green Business button looks like the app is arguing with itself. Give me a monthly report I can attach to my expense report and I'm in. Employer pays for the app or I don't use it."
82,"professionals",40,"Male","Northeast","Property manager",5,290,"paper log",7,9,6,7,8,"no",8,"Nothing major; it's fairly obvious","Cloud backup/sync so a lost phone doesn't lose my log","Clean and obvious. Honestly simpler than MileIQ. Local-only data is a liability for a tax record."
83,"professionals",46,"Male","West","Medical device sales rep",4,305,"Concur",4,8,4,6,2,"no",0,"Home to Office trip is marked Business but also flagged red as non-deductible commute; contradictory","Employer reimbursement report (submit to Concur/expense)","Red text under a green Business button looks like the app is arguing with itself. I need it to spit out the exact format Concur wants."
84,"professionals",71,"Male","Pacific Northwest","Staff insurance field adjuster",4,580,"Company app",5,7,6,6,6,"no",3,"What 'Auto: usual route' / 'Auto: work hours' means and whether I'm supposed to confirm it","Map of each trip / route","'Auto: usual route' sounds like it decided for me. Did it? Do I need to confirm? Show me the route on a map so I can remember which trip was which. My company reimburses me, so why would I pay?"
85,"professionals",47,"Female","Mid-Atlantic","Bookkeeper with on-site clients",5,95,"QuickBooks",7,8,3,7,8,"no",6,"I work from home office, so is Home to client a commute or business?","Android version for my team/spouse","I work from a home office, so Home to a client is business. Will it call that a commute? Can't roll it out to my crew without Android. Would rather pay lifetime than yearly."
86,"professionals",57,"Male","Mountain West","Staff insurance field adjuster",3,470,"paper log",8,6,6,7,7,"no",6,"Home to Office trip is marked Business but also flagged red as non-deductible commute; contradictory","PDF/CSV export for taxes/accountant","Red text under a green Business button looks like the app is arguing with itself. No export means my accountant can't use it. That's a dealbreaker today. My company reimburses me, so why would I pay?"
87,"professionals",58,"Female","West","Medical device sales rep",4,765,"Concur",4,8,5,10,2,"no",1,"Home to Office trip is marked Business but also flagged red as non-deductible commute; contradictory","Employer reimbursement report (submit to Concur/expense)","Red text under a green Business button looks like the app is arguing with itself. I need it to spit out the exact format Concur wants."
88,"professionals",33,"Female","West","Mobile pet groomer (owner)",4,340,"paper log",6,6,5,7,5,"no",5,"Home to Office trip is marked Business but also flagged red as non-deductible commute; contradictory","Cloud backup/sync so a lost phone doesn't lose my log","It told me my sample pickup was business and in the same breath screamed red that it's a commute. Which one is it? Local-only data is a liability for a tax record."
89,"professionals",29,"Female","Southwest","Photographer (weddings/real estate)",2,110,"Everlance",6,9,5,10,5,"no",5,"Whether $4,571.69 is a tax refund, a deduction, or money I'll actually get back","Cloud backup/sync so a lost phone doesn't lose my log","Big $4,571 number made me think it's money I'm getting back. It isn't; that's a deduction. Local-only data is a liability for a tax record. $69.99 a year for a mileage log is steep."
90,"professionals",58,"Male","Midwest","IT consultant",1,100,"spreadsheet",7,5,4,8,5,"no",1,"Didn't know you could swipe; buttons and swipe both exist and it's unclear which is primary","PDF/CSV export for taxes/accountant","Swipe-to-classify is fine, but nothing tells you it's there. Without a CSV this is just a nice counter."
91,"professionals",68,"Male","Southeast","Interior designer",4,175,"Everlance",6,7,7,8,6,"no",5,"'1 to review': where is it? Nothing highlights which trip","PDF/CSV export for taxes/accountant","It says 1 to review but I had to hunt for which one. Until I can hand a PDF to my CPA, it's a toy."
92,"professionals",71,"Male","Northeast","Outside sales rep (industrial supplies)",3,515,"Company Concur mileage",5,7,5,7,4,"no",2,"What 'Auto: usual route' / 'Auto: work hours' means and whether I'm supposed to confirm it","Cloud backup/sync so a lost phone doesn't lose my log","Tell me how sure it is, not just 'Auto: work hours'. Add iCloud backup and I'd move off MileIQ. Employer pays for the app or I don't use it."
93,"professionals",54,"Male","West","Tutor (in-home, own business)",2,130,"nothing",8,4,8,7,8,"yes",7,"Didn't know you could swipe; buttons and swipe both exist and it's unclear which is primary","Multiple vehicles","I'd never have found the swipe. Just give me two big buttons. I swap between the work van and my SUV daily."
94,"professionals",23,"Female","Gulf Coast","HVAC business owner",3,395,"paper log",6,6,6,7,6,"no",5,"Home to Office trip is marked Business but also flagged red as non-deductible commute; contradictory","PDF/CSV export for taxes/accountant","The red commute warning on a trip it already marked Business is going to scare me at tax time. Until I can hand a PDF to my CPA, it's a toy."
95,"professionals",47,"Female","Texas","Mortgage loan officer",3,70,"MileIQ",7,5,5,7,6,"no",7,"Home to Office trip is marked Business but also flagged red as non-deductible commute; contradictory","Map of each trip / route","Red text under a green Business button looks like the app is arguing with itself. A map would help me spot when it got the trip wrong. Looks cleaner than MileIQ, but MileIQ has my history."
96,"professionals",66,"Female","Mountain West","Landscaping company owner",2,180,"spreadsheet",6,4,6,5,6,"yes",4,"Date format 2026-09-30 and 24-hour times feel like a developer tool","PDF/CSV export for taxes/accountant","Use normal dates and AM/PM, I'm not in the military. No export means my accountant can't use it. That's a dealbreaker today."
97,"professionals",26,"Male","Midwest","Home inspector",3,390,"paper log",6,6,7,7,4,"no",3,"Whether $4,571.69 is a tax refund, a deduction, or money I'll actually get back","PDF/CSV export for taxes/accountant","Big $4,571 number made me think it's money I'm getting back. It isn't; that's a deduction. Until I can hand a PDF to my CPA, it's a toy. Still easier than my paper log."
98,"professionals",36,"Female","Mountain West","Mortgage loan officer",2,145,"nothing",6,5,3,8,6,"no",5,"Didn't know you could swipe; buttons and swipe both exist and it's unclear which is primary","Map of each trip / route","I tapped the card and got a form; I didn't realize swiping did anything. Show me the route on a map so I can remember which trip was which. Would rather pay lifetime than yearly."
99,"professionals",57,"Female","Southeast","Piano tuner (self-employed)",1,125,"nothing",7,5,7,6,4,"no",3,"What 'Auto: usual route' / 'Auto: work hours' means and whether I'm supposed to confirm it","PDF/CSV export for taxes/accountant","I like that it guesses, but the Auto labels read like debug text. Without a CSV this is just a nice counter. I'm done paying for subscriptions."
100,"professionals",33,"Female","Gulf Coast","Independent insurance adjuster",5,1040,"TripLog",6,8,6,5,7,"no",6,"'1 to review': where is it? Nothing highlights which trip","Cloud backup/sync so a lost phone doesn't lose my log","It says 1 to review but I had to hunt for which one. Add iCloud backup and I'd move off MileIQ."
