id,segment,age,gender,region,occupation,tech_comfort_1to5,weekly_business_miles,current_solution,first_impression_1to10,ease_of_understanding_1to10,visual_appeal_1to10,trust_privacy_1to10,would_download_1to10,would_pay_69yr_yes_no,nps_0to10,most_confusing_thing,most_wanted_missing_feature,what_changed_their_mind,quote
1,"trades",61,"Female","Appalachia","Mobile dog groomer",3,155,"MileIQ (free tier)",7,7,8,6,6,"no",5,"Locked drives - are my miles gone if I don't pay","Cloud backup/sync","Guided setup asked about my work hours","The setup answered my hours question. Still nothing saves my year if the phone ends up in a tub of dog water."
2,"trades",49,"Male","Appalachia","Electrician",4,175,"Stride",6,8,7,8,6,"no",5,"Red 'commute isn't deductible' warning when my home is my business base","Home-based business setting for commutes","Free CSV export","Good, there's an export now. Stride had that free already, and it still scolds me in red about my first job."
3,"trades",61,"Female","Northeast","House cleaner",4,200,"Everlance (paid)",7,9,7,9,8,"yes",7,"Work hours still in 24-hour time","12-hour (AM/PM) work hours","PDF report for Schedule C","The PDF report is what I pay Everlance for, so now it's a fair fight. Still 17:00 on the hours screen though."
4,"trades",55,"Male","Southern California","Photographer",4,185,"Excel + Google Maps timeline",7,9,8,7,7,"no",7,"Is 40 free drives a month enough in a busy shoot week","Map of each trip","Setup tip that you swipe right for business","The setup told me about swiping right off the bat. That's what I was missing. CSV into my spreadsheet works for me, so free is fine."
5,"trades",57,"Female","Midwest","In-home caregiver",3,150,"Stride",7,7,8,7,6,"no",6,"CSV vs PDF - which one does my CPA actually want","Cloud backup/sync","Export report button on the home screen","There's an Export report button right on the front now. My CPA will want the PDF though, and that's the paid one."
6,"trades",64,"Male","Southeast","Handyman",3,110,"MileIQ (free tier)",6,7,10,6,6,"no",5,"What happens to drive number 41","Cloud backup/sync","Setup tip on swiping","Same deal as MileIQ free: 40 drives then pay up. At least it tells you up front."
7,"trades",56,"Male","Plains","Landscaper",2,275,"nothing - guesses at tax time",9,6,8,10,9,"yes",9,"What 'Auto: usual route' actually means","Receipt scanning","PDF report for my accountant","Now it hands my accountant a report. That was the only thing missing. Thirty days free, then I'll pay."
8,"trades",28,"Female","Appalachia","House cleaner",4,145,"Housecall Pro + spreadsheet",7,8,8,5,6,"no",4,"Locked drives on the free plan","Cloud backup/sync","Swipe tip in setup","OK, now it tells you to swipe. I do 5 houses a day though, so 40 free drives is gone by the second week."
9,"trades",61,"Male","Midwest","Electrician",2,235,"odometer photos + notebook",5,6,6,6,7,"no",6,"Says Home to first job is a commute - my accountant says it isn't since I work out of home","Cloud backup/sync","IRS PDF report","The IRS printout is there now, good. But it still calls my first job a commute, and I'm not paying to argue with my phone every morning."
10,"trades",43,"Male","Southeast","Window washer",4,150,"MileIQ (paid)",6,7,8,6,5,"no",3,"Does every 2-mile hop count toward the 40 free drives","Merge short back-to-back stops","'New drives start as business' toggle","Default-to-business helps, I won't tap eight cards a day. But eight stops is eight drives, so the free plan lasts me a week."
11,"trades",47,"Male","Great Lakes","House painter",3,140,"Google Sheets",6,7,8,7,6,"yes",5,"Where do gas and parts receipts go","Receipt scanning","CSV export","CSV drops right into my Google Sheet, so that's something. Still no place for gas and parts receipts, so Everlance keeps its edge."
12,"trades",35,"Female","Midwest","Handyman",4,200,"Housecall Pro + spreadsheet",9,8,9,10,8,"yes",8,"CSV vs PDF - which one does my bookkeeper want","Tag trips to a client/job (Jobber/QuickBooks link)","Free CSV export for my bookkeeper","Export is free and it's still all on my phone. That was my whole complaint. Bookkeeper gets a CSV, I'll take the trial."
13,"trades",29,"Male","Great Lakes","Plumber",5,245,"TripLog",8,7,7,10,8,"yes",8,"Ten short stops a day are still ten drives","Android version for spouse/crew","PDF report on Pro","PDF report sealed it for me, I'd pay. My guys are all on Android though, so it's just me on it."
14,"trades",41,"Male","Northern California","Pest control tech",3,295,"Everlance (free)",7,7,7,5,7,"no",6,"Commute warning vs the green Business button already selected - which one wins","Cloud backup/sync","CSV and PDF reports","Fine, it spits out a report now. Everlance free does too. No backup is still a deal breaker for a phone that lives on a truck dash."
15,"trades",46,"Male","Plains","Pest control tech",2,230,"receipts shoebox, accountant estimates",4,7,5,6,4,"no",3,"'Always' location - will it drain my phone by noon","Tag trips to a client/job (Jobber/QuickBooks link)","Setup line that GPS only runs while driving","They say GPS only runs while I'm driving. I drive all day. Still not convinced my phone lasts till quitting time."
16,"trades",46,"Female","Appalachia","Home health aide",4,170,"Everlance (paid)",6,7,7,6,5,"no",3,"Where do receipts go","Receipt scanning","Selected button is solid green now","I can tell which one I picked now, it goes solid green. Still no receipts, so I'm staying with Everlance."
17,"trades",50,"Male","Southern California","Mobile dog groomer",3,210,"QuickBooks Self-Employed mileage",5,7,7,6,6,"no",6,"Light on battery claim - how light","Cloud backup/sync","PDF and CSV export","Reports are there now, so it's in the running. Battery and backup questions are still unanswered."
18,"trades",28,"Male","West","Wedding photographer",5,115,"Stride",5,7,7,8,5,"no",6,"Street names only - no map to confirm the trip","Map of each trip","PDF marks recorded vs edited trips","The PDF marking which trips were recorded vs edited is smart for an audit. I still want to see the route on a map."
19,"trades",31,"Male","Great Lakes","Appliance repair tech",4,295,"MileIQ (paid)",5,8,8,7,4,"no",2,"Red commute warning on my first service call","Home-based business setting for commutes","nothing important","Same red commute warning on the first call of the day. Until that's fixed I'm staying on MileIQ."
20,"trades",51,"Male","Mountain West","Mobile mechanic",3,295,"paper log",7,7,7,7,7,"no",5,"Red 'commute isn't deductible' warning when my home is my business base","Tag trips to a client/job (Jobber/QuickBooks link)","Free CSV export","Better than my paper log now that it exports. Still yells at me about commuting from my own garage."
21,"trades",51,"Female","Northern California","Home health aide",4,105,"Housecall Pro + spreadsheet",7,8,8,8,7,"yes",7,"CSV vs PDF - which one does my accountant want","Cloud backup/sync","Export report button","Export is there, so I looked again like I said. I'd try the 30 days and probably keep it."
22,"trades",59,"Male","Appalachia","Mobile mechanic",3,255,"paper log",9,7,9,8,8,"no",5,"Does 'Driving now' switch itself or do I flip trucks by hand","Crew/team accounts for multiple trucks","Add a vehicle","I can add the second truck now. But it says 'Driving now' - am I supposed to flip that every time I swap trucks?"
23,"trades",50,"Male","Southern California","Plumber",2,180,"paper log in glovebox",7,6,7,6,8,"no",6,"Says Home to first job is a commute - my accountant says it isn't since I work out of home","Receipt scanning","Guided setup","Setup walked me through the phone location stuff, that helped. Still says my first job is a commute."
24,"trades",67,"Female","Mid-Atlantic","House cleaner",3,165,"paper log",8,8,6,9,7,"no",7,"Work hours still in 24-hour time","12-hour (AM/PM) work hours","Setup asking how I work","The setup asked how I work and I picked Set hours, easy. Then it showed me 17:00 again. AM/PM, please."
25,"trades",64,"Male","Midwest","Landscaper",1,230,"paper log in glovebox",7,4,7,9,6,"no",6,"'Money back' badges - is it money I get back or not","Bluetooth/CarPlay auto-start","Milestones calling it money back","Now there's badges saying Money back. So it is money I get back? My accountant says no. Which is it?"
26,"trades",51,"Male","Pacific Northwest","Pool service tech",4,280,"TripLog",7,8,8,5,5,"no",4,"40 free drives when I do 12 pools a day","Merge short back-to-back stops","Live drive card while driving","Nice to see it recording live. But 12 pools a day is 40 drives by Wednesday, and I still don't know what it does to my battery."
27,"trades",45,"Male","Mid-Atlantic","Handyman",5,115,"Stride",7,7,7,7,7,"no",6,"Is shift mode allowed for trades or only delivery drivers","Receipt scanning","Shift mode as a workaround for the commute warning","Shift mode says delivery apps, but swipe to start and every drive is business, one drive on the free plan. Works for a handyman too, if they don't close the loophole."
28,"trades",57,"Male","Southwest","Locksmith",4,215,"Excel + Google Maps timeline",7,9,8,8,8,"yes",7,"What 'Auto: usual route' actually means","Receipt scanning","IRS PDF report for my accountant","Now I can hand my accountant a report in January. That was the deal, so I'd try the trial."
29,"trades",39,"Male","Florida","Plumber",3,330,"MileIQ (free tier)",7,7,7,8,7,"no",6,"Trip cards don't say which vehicle - van or truck","Vehicle shown and editable on each trip","Add a vehicle","I added my van and truck. But the trip cards don't say which one, so I don't trust the split yet."
30,"trades",32,"Female","Northern California","Plumber",3,250,"paper log",8,9,8,8,8,"yes",8,"Commute warning vs the green Business button already selected - which one wins","Cloud backup/sync","PDF report with Schedule C totals","Date, miles, purpose in a PDF for my CPA. That's what I asked for. Also liked the quarterly tax dates."
31,"trades",58,"Male","Great Lakes","HVAC technician",2,420,"odometer photos + notebook",6,6,8,6,7,"no",6,"Work hours still 24-hour and fixed","On-call / emergency hours","Add a vehicle","Two vehicles works now. Hours still assume 9 to 5, and my emergency calls at 9pm still come up personal."
32,"trades",51,"Nonbinary","Florida","Mobile dog groomer",5,275,"custom Shortcuts automation",7,10,7,8,7,"no",5,"'Auto: usual route' - still doesn't say why","Cloud backup/sync","CSV export marked 'it's your data'","'Always free: it's your data' on the CSV is the right attitude. Still no backup, and 'Auto: usual route' still doesn't say why."
33,"trades",52,"Male","Northeast","Pest control tech",4,225,"QuickBooks mileage",5,9,7,7,6,"no",5,"Why switch when QuickBooks already has my books","Cloud backup/sync","Reports screen","OK, it makes a report now. QuickBooks already does that and my books are in there, so I'm not switching yet."
34,"trades",49,"Male","Southeast","Wedding photographer",5,120,"Everlance (paid)",6,10,8,7,6,"no",5,"Wedding nights fall outside set hours and come up personal","On-call / emergency hours","Multiple vehicles","Vehicles are in. Wedding nights still fall outside my set hours, so I'd be swiping half my Saturdays."
35,"trades",55,"Male","Appalachia","Photographer",4,85,"QuickBooks mileage",7,7,7,10,7,"no",6,"'1 to review' - where is it","Map of each trip","Free CSV export and 40 free drives covers my month","I said no export, no switch. There's an export now, and 40 free drives covers my month. Might actually switch."
36,"trades",71,"Female","Great Lakes","In-home caregiver",2,115,"paper log in glovebox",7,6,6,8,6,"no",4,"What a CSV is and which report I need","Paper printout without a subscription","Export report button","There's an export now. I don't know what a CSV is. My daughter will have to look in January."
37,"trades",31,"Female","Pacific Northwest","House cleaner",5,200,"MileIQ (paid)",8,9,8,10,8,"no",7,"Paywall says $49.99, not $69.99 - which is it","Merge short back-to-back stops","Yearly Pro price on the paywall","At the $49.99 on the paywall I'd switch from MileIQ. At $69.99, no, MileIQ is cheaper."
38,"trades",47,"Male","West","HVAC technician",4,255,"QuickBooks mileage",5,8,7,6,6,"yes",5,"Red 'commute isn't deductible' warning when my home is my business base","Map of each trip","PDF report","Report's there now. The commute warning still talks to office people, and my van is my office."
39,"trades",55,"Male","Mountain West","Photographer",2,180,"nothing - guesses at tax time",8,7,8,7,8,"yes",8,"Can't see the route to check the miles are right","Map of each trip","Tax dates screen","The tax dates page is handy, I always forget the quarterly ones. Still want a map to check it caught the right venue."
40,"trades",59,"Male","Plains","Electrician",3,205,"QuickBooks Self-Employed mileage",5,9,7,4,4,"no",4,"'Always' location - will it drain my phone by noon","Receipt scanning","Setup pushing 'Always' location","The setup leans hard on 'Always' location, in yellow. That's exactly the part I don't like."
41,"trades",45,"Male","Pacific Northwest","Mobile mechanic",5,195,"Everlance (paid)",8,8,8,7,7,"yes",6,"Does 'Driving now' switch itself when I change vehicles","Receipt scanning","PDF report with recorded vs edited trips","Printout and vehicles both showed up. That's my two complaints. Everlance costs me about the same, I'd try switching."
42,"trades",48,"Male","Mountain West","Landscaper",4,265,"QuickBooks mileage",6,7,7,7,5,"no",5,"Work hours still look Monday-to-Friday and 24-hour","Weekend/irregular work hours","CSV export","Export is fine. Hours setup still looks like an office job, and I work Saturdays half the year."
43,"trades",50,"Male","Northern California","Plumber",2,340,"calendar reconstruction at tax time",7,6,9,8,7,"yes",6,"CSV vs PDF - which one does my accountant want","Cloud backup/sync","IRS PDF report","Every April I rebuild my miles from my calendar. A PDF that does it for me is worth seventy bucks."
44,"trades",30,"Female","Texas","Electrician",3,350,"Stride",6,7,7,5,6,"no",5,"Commute warning vs the green Business button already selected - which one wins","Home-based business setting for commutes","Multiple vehicles","Glad I can add my truck and my car. The commute warning is still aimed at office people."
45,"trades",48,"Female","Texas","Carpet cleaner",3,210,"Everlance (free)",7,7,6,10,7,"yes",7,"'Deductions found' vs 'Money back' badges","Lifetime purchase option","Guided setup","The setup is what I asked for. Still no lifetime option, but yearly I can live with if the export holds up."
46,"trades",65,"Female","Plains","Home health aide",1,140,"wife keeps a notebook",5,4,5,7,6,"no",4,"iOS asks twice - which button do I press","Paper printout without a subscription","Setup asking how I work","The setup asked if I have set hours, that part I got. The location bit with two pop-ups lost me."
47,"trades",56,"Female","Pacific Northwest","Home health aide",3,205,"paper log",8,8,8,8,8,"yes",7,"Locked drives after 40","Cloud backup/sync","Free CSV for my bookkeeper","Bookkeeper gets a CSV for free. That alone beats my paper log."
48,"trades",64,"Female","Southeast","Electrician",3,245,"Everlance (free)",7,7,7,7,7,"no",6,"Commute warning vs the green Business button already selected - which one wins","Home-based business setting for commutes","CSV export","It exports now, so it's even with Everlance free. Still tells me my first job is a commute, every single morning."
49,"trades",71,"Male","Northern California","Landscaper",2,290,"nothing - guesses at tax time",6,6,7,7,6,"no",4,"Why the printout costs extra but the spreadsheet is free","Tag trips to a client/job (Jobber/QuickBooks link)","PDF report","So there's a printout now, but I have to pay for it. Free version only gives me a spreadsheet file."
50,"trades",34,"Male","Mountain West","House painter",4,190,"TripLog",7,10,8,8,7,"yes",6,"Commute warning on home-to-job drives","Receipt scanning","PDF report for Schedule C","The report's in. I'd tell the guys at the supply house about it now."
51,"trades",34,"Male","Plains","House cleaner",4,100,"Excel + Google Maps timeline",8,8,8,8,8,"no",7,"Locked drives after 40","Merge short back-to-back stops","CSV export","Free CSV goes straight into my Excel. But past 40 drives it locks the rest, so free isn't really free for me."
52,"trades",47,"Male","Florida","Landscaper",3,145,"Jobber/Housecall Pro job history",8,6,7,7,6,"yes",5,"What 'Auto: usual route' actually means","Tag trips to a client/job (Jobber/QuickBooks link)","PDF report","Report exists now. Wish it pulled job names from Jobber instead of me typing notes."
53,"trades",55,"Male","Plains","Pool service tech",3,250,"Everlance (free)",6,7,7,7,6,"no",4,"40 free drives when every pool is a drive","Merge short back-to-back stops","40-drive free limit","So that's why I'd pay: free stops at 40 drives. I do 10 pools a day. Everlance free works for me, so no."
54,"trades",30,"Male","Pacific Northwest","HVAC technician",4,450,"Housecall Pro + spreadsheet",8,8,10,7,9,"yes",9,"Shift mode says delivery apps - is it OK for on-call","Cloud backup/sync","Multiple vehicles plus shift mode","I added the spouse's car and I use the shift slider for on-call nights. That covers both my complaints. I'd pay."
55,"trades",32,"Male","Southwest","House painter",3,95,"QuickBooks Self-Employed mileage",8,7,6,7,7,"yes",6,"Commute warning vs the green Business button already selected - which one wins","Cloud backup/sync","Export","There's the export. I'll try the trial over a busy week like I said."
56,"trades",40,"Female","Florida","Locksmith",4,205,"Stride",7,7,7,6,5,"no",4,"Work hours still in 24-hour time","12-hour (AM/PM) work hours","nothing important","Still 17:00 in the hours. Exports are nice but Stride already does that for free."
57,"trades",69,"Female","Northeast","Photographer",2,165,"nothing - guesses at tax time",9,7,8,7,7,"no",5,"Work hours are fixed; my days change every job","Receipt scanning","PDF report","There's a printout now, which I wanted. Paying a yearly fee at my age for a mileage app, I'm not sure."
58,"trades",45,"Male","Southeast","Pool service tech",3,230,"QuickBooks Self-Employed mileage",3,7,6,7,3,"no",2,"40 free drives when every pool stop is a drive","Merge short back-to-back stops","40 free drives a month limit","Every pool is a drive. 40 a month is three days of my route, then it locks my miles behind a paywall."
59,"trades",21,"Female","Northern California","Mobile dog groomer",4,195,"MileIQ (paid)",5,7,7,7,5,"no",3,"Light on battery claim - how light","Bluetooth/CarPlay auto-start","Milestones badges","The badges are kind of cute. Still no CarPlay start and I don't know what it does to my battery."
60,"trades",44,"Female","Southern California","In-home caregiver",2,100,"paper log in glovebox",8,7,6,7,7,"no",6,"Locked drives on the free plan","Cloud backup/sync","Guided setup with swipe tip","The setup told me swipe right for business. I wish it had done that the first time."
61,"trades",36,"Female","Great Lakes","Landscaper",4,170,"Housecall Pro + spreadsheet",7,9,6,7,7,"yes",7,"CSV vs PDF - which one does my accountant want","Receipt scanning","PDF report","I can hand my accountant a report in January now. I'd give the 30-day trial a go."
62,"trades",50,"Male","Northeast","HVAC technician",3,240,"Jobber/Housecall Pro job history",8,6,7,9,9,"yes",8,"What 'Auto: usual route' actually means","Map of each trip","Free CSV export","Export is here and it never leaves my phone. I'd pay for it this season."
63,"trades",40,"Male","Southern California","Plumber",3,320,"Stride",7,8,7,7,5,"no",3,"Locked drives after 40","Merge short back-to-back stops","CSV export","Fine, there's an export. Stride does unlimited for free, so the 40-drive cap is hard to swallow."
64,"trades",57,"Male","Mountain West","House painter",3,220,"Jobber/Housecall Pro job history",5,7,5,9,6,"no",4,"Work hours are fixed; my days change every job","Cloud backup/sync","Export as a do-it-yourself backup","Export helps, I'd email a CSV to myself monthly as a backup. They shouldn't make me do that though."
65,"trades",37,"Female","West","In-home caregiver",5,130,"custom Shortcuts automation",6,8,8,8,6,"no",5,"'Deductions found' vs 'Money back' badges","Receipt scanning","Milestones calling it money back","Milestones says 'Money back'. A deduction isn't money back. Pick a word and stick to it."
66,"trades",63,"Male","Appalachia","Plumber",1,375,"nothing - guesses at tax time",5,6,4,7,7,"no",6,"Says Home to first job is a commute - my accountant says it isn't since I work out of home","Home-based business setting for commutes","Guided setup","The setup went OK. Next morning, red writing again saying my first job is a commute."
67,"trades",24,"Male","Northern California","Handyman",4,265,"Stride",5,7,6,5,4,"no",2,"Why the PDF is Pro-only when Stride's report is free","Cloud backup/sync","PDF report only on Pro","Printout exists now, behind a paywall. Stride gives me that for nothing."
68,"trades",45,"Male","Pacific Northwest","Handyman",4,170,"TripLog",6,7,7,6,6,"no",5,"'Deductions found' - is it money I get back?","Cloud backup/sync","nothing important","'Auto: usual route' still doesn't say why. And 'Deductions found' still reads like a refund."
69,"trades",67,"Male","West","Handyman",3,260,"Google Sheets",7,7,7,6,6,"no",4,"Commute warning vs the green Business button already selected - which one wins","Cloud backup/sync","CSV export","CSV into Google Sheets, that's my system already. Fine for now."
70,"trades",34,"Male","Pacific Northwest","Pool service tech",4,390,"QuickBooks mileage",5,8,8,7,5,"no",5,"Every 2-mile hop counts as a drive toward the cap","Merge short back-to-back stops","40-drive limit counting every pool stop","Every two-mile hop still counts as a drive, and now there's a cap on them. Vehicles are nice, but batching was the ask."
71,"trades",48,"Male","West","Home health aide",3,165,"Google Sheets",8,9,7,10,9,"yes",9,"'1 to review' - where is it","Cloud backup/sync","Free CSV export","No account, nothing on their servers, and now it exports. I'd pay to support that."
72,"trades",48,"Female","Plains","Mobile dog groomer",3,235,"MileIQ (free tier)",7,7,6,9,6,"no",5,"Trip cards don't say which vehicle","Receipt scanning","Reports and vehicles","Report and second vehicle are in now. MileIQ free also stops at 40, so it's a wash until receipts."
73,"trades",57,"Male","Mid-Atlantic","Carpet cleaner",4,290,"QuickBooks mileage",6,8,7,6,5,"no",5,"Trip cards don't say which van","Tag trips to a client/job (Jobber/QuickBooks link)","CSV export","OK there's an export. QuickBooks mileage is already tied to my books, so it'd have to beat that."
74,"trades",64,"Male","Southeast","Roofer",2,170,"calendar reconstruction at tax time",7,6,7,5,7,"no",7,"CSV vs PDF - which one does my accountant want","Android version for spouse/crew","PDF report","Report's there now. Half my crew is Android, so it's still just me."
75,"trades",48,"Male","Southwest","HVAC technician",3,365,"MileIQ (free tier)",8,7,7,6,7,"no",6,"What 'Auto: usual route' actually means","Map of each trip","Selected button turns solid green","I can tell what's picked now. With MileIQ free I'm used to the 40 cap anyway."
76,"trades",45,"Male","Texas","Handyman",4,150,"QuickBooks mileage",5,8,8,7,6,"no",5,"What 'Auto: usual route' actually means","Map of each trip","CSV export","Exports now. Still want a map, and 'usual route' still means nothing to me."
77,"trades",33,"Male","Great Lakes","Landscaper",4,140,"MileIQ (paid)",6,8,6,7,5,"no",4,"Will it merge my quick supply-house stops into one long trip","Merge short back-to-back stops","PDF report","Printout is here. Still worried quick supply-house stops get lost or merged."
78,"trades",67,"Male","Southern California","Carpet cleaner",2,250,"odometer photos + notebook",8,7,7,7,7,"yes",6,"Does 'Driving now' switch itself when I take the van","Cloud backup/sync","Export report button","Export button right on the front screen, and I can add the van. I'll pay after tax season proves it."
79,"trades",44,"Male","Northern California","Electrician",3,325,"Google Sheets",6,7,7,9,8,"yes",7,"Red 'commute isn't deductible' warning when my home is my business base","Home-based business setting for commutes","CSV export","Showed me the export, so I looked again. Commute warning still bugs me, but the report's what I needed."
80,"trades",50,"Male","Southwest","Pool service tech",3,310,"MileIQ (free tier)",7,7,9,8,6,"no",5,"40 free drives when I do 15 pools a day","Merge short back-to-back stops","Reports","Report and vehicles, both handled. 15 pools a day blows past 40 drives, so I'm back to MileIQ math."
81,"trades",45,"Female","West","Window washer",4,175,"MileIQ (paid)",6,8,7,5,4,"no",3,"Light on battery claim - how light","Cloud backup/sync","Multiple vehicles","Vehicles and reports are in. Battery still a question mark, and MileIQ already works."
82,"trades",50,"Male","Mountain West","Pest control tech",3,365,"paper log",5,6,6,9,6,"no",4,"What 'Auto: in your work hours' means when I work late","Cloud backup/sync","Setup step on work hours","Setup explained the hours thing. Still nothing if the phone gets stolen out of the truck."
83,"trades",28,"Male","West","Window washer",4,180,"MileIQ (paid)",6,7,8,5,3,"no",3,"Locked drives after 40","Cloud backup/sync","PDF report","There's a report now, but I already pay MileIQ. No reason to move."
84,"trades",36,"Male","Texas","Mobile mechanic",5,305,"MileIQ (paid)",7,9,8,7,7,"yes",6,"Trip cards don't say which truck","Vehicle shown and editable on each trip","Multiple vehicles","Work truck and personal truck both in there now. I'd still like the trip to say which one."
85,"trades",22,"Male","Southwest","Carpet cleaner",5,130,"Stride",8,9,8,6,6,"no",5,"Shift mode says delivery apps - is it OK for trade jobs","Receipt scanning","Shift mode","Shift slider is what I wanted for jobs, even if it says delivery apps. Stride is free though, so $70 is a stretch."
86,"trades",51,"Male","Mid-Atlantic","House painter",3,155,"Stride",5,8,7,9,6,"no",5,"Commute warning vs the green Business button already selected - which one wins","Home-based business setting for commutes","nothing important","Same red commute line every morning. Exports don't fix that."
87,"trades",60,"Female","Southern California","In-home caregiver",2,125,"receipts shoebox, accountant estimates",8,7,9,8,7,"no",7,"'Deductions found' - is it money I get back?","Paper printout without a subscription","Setup tips","The tips at the end of setup told me to swipe. My grandson didn't have to show me this time."
88,"trades",20,"Female","Pacific Northwest","Electrician",3,330,"MileIQ (free tier)",8,8,6,5,7,"yes",6,"Light on battery claim - how light","Cloud backup/sync","PDF report","PDF for my CPA is there. Still want cloud backup, but I'd pay."
89,"trades",36,"Female","Mountain West","Wedding photographer",4,50,"QuickBooks mileage",7,9,8,6,6,"no",4,"Work hours are fixed; my bookings are all over","Map of each trip","40 free drives covers my month","I only do a few drives a week, so free is plenty. No reason to pay."
90,"trades",56,"Male","Mountain West","Roofer",4,230,"Everlance (paid)",7,8,9,5,6,"no",5,"Shift mode says delivery apps - is it OK for roofing jobs","Cloud backup/sync","Shift mode","Shift slider and PDF are in. Still nervous it's all on the phone. Show me in January."
91,"trades",43,"Male","Southern California","Home health aide",3,200,"paper log",7,7,6,10,7,"no",6,"Ten short visits a day against a 40-drive limit","Cloud backup/sync","CSV export as a manual backup","I can export a CSV and email it to myself, so I won't lose the year. Still a lot of short visits to the 40 limit."
92,"trades",52,"Male","Great Lakes","Appliance repair tech",3,350,"Google Sheets",7,6,6,6,6,"no",6,"'1 to review' - where is it","Map of each trip","40-drive free limit","Now I see why I'd pay: free stops at 40. Still MileIQ money though."
93,"trades",39,"Female","West","House cleaner",3,90,"QuickBooks Self-Employed mileage",7,7,9,8,6,"no",6,"'Deductions found' - is it money I get back?","Bluetooth/CarPlay auto-start","Reports page says estimates, not tax advice","Reports page says the dollars are estimates, not a refund. Should say that on the front."
94,"trades",71,"Male","Mid-Atlantic","HVAC technician",3,365,"QuickBooks Self-Employed mileage",6,6,6,6,6,"no",4,"Shift mode says delivery apps - can I use it for night calls","On-call / emergency hours","Export","Export's there. There's a shift button but it says it's for delivery drivers, so I don't know if it's for my night calls."
95,"trades",59,"Female","Mid-Atlantic","Home health aide",2,250,"nothing - guesses at tax time",8,8,8,6,9,"yes",8,"'Always' location - will it drain my phone by noon","Cloud backup/sync","Export report","Export button is right there now. I'll give it a month like I said."
96,"trades",43,"Male","Southern California","Photographer",5,60,"Stride",6,10,8,6,6,"no",5,"Says Home to first job is a commute - my accountant says it isn't since I work out of home","Cloud backup/sync","Free CSV and 40 free drives","Now it exports, and my few drives fit in the free plan. So why would I pay?"
97,"trades",40,"Male","Southern California","HVAC technician",4,285,"Everlance (paid)",5,9,7,7,6,"no",7,"Says Home to first job is a commute - my accountant says it isn't since I work out of home","Home-based business setting for commutes","Guided setup","Setup is nice. The red commute line on my first call is still there."
98,"trades",59,"Female","Great Lakes","House cleaner",2,125,"nothing - guesses at tax time",7,7,8,6,7,"no",5,"Light on battery claim - how light","Map of each trip","Free CSV export","There's the export. Free, too. I'd give it a month."
99,"trades",38,"Male","Northern California","Locksmith",3,365,"Google Sheets",8,6,7,8,7,"yes",6,"'1 to review' - where is it","Map of each trip","PDF report","Showed me the export, so I looked. 365 miles a week, $70 is nothing next to the deduction."
100,"trades",56,"Female","Southeast","House cleaner",3,105,"Google Sheets",5,7,7,6,5,"no",4,"Locked drives after 40","Tag trips to a client/job (Jobber/QuickBooks link)","Clearer selected buttons","Buttons are clearer. Still no way to tag trips to a client."
