"id","segment","age","gender","region","occupation","tech_comfort_1to5","weekly_business_miles","current_solution","first_impression_1to10","ease_of_understanding_1to10","visual_appeal_1to10","trust_privacy_1to10","would_download_1to10","would_pay_69yr_yes_no","nps_0to10","most_confusing_thing","most_wanted_missing_feature","what_changed_their_mind","quote"
1,"gig",34,"Male","Southeast - Atlanta GA","Full-time DoorDash + Uber Eats driver",4,520,"Stride",6,8,8,7,6,"no",5,"DoorDash isn't in the delivery-app list, only Uber Eats plus UK names like Evri and DPD","Auto-start shift when I go online in Dasher","Swipe to start shift","OK, one swipe and every dash is business. That's what I asked for. I still have to remember to swipe, and Stride is free, so it's a maybe."
2,"gig",27,"Female","West - Phoenix AZ","Part-time Uber driver, retail job",4,180,"Gridwise",7,8,8,7,6,"no",6,"Home screen samples are still Acme Corp client meetings","Earnings next to miles like Gridwise","Shifts & rounds option in setup","Setup finally asks how I work and lists Uber. Then the home screen is still client meetings at Acme Corp. Half fixed."
3,"gig",52,"Male","Midwest - Chicago IL","Full-time Lyft + Uber driver",3,700,"Paper log + Uber annual summary",6,7,7,7,7,"yes",6,"Red commute line is still there; does shift mode override it?","Cloud backup so the log survives a dead phone","Free CSV export and PDF report for my accountant","Now I can hand my tax guy a PDF with the Schedule C numbers. That's real. The red commute line still bugs me, but on a shift it says everything is business."
4,"gig",23,"Male","West - Los Angeles CA","Part-time DoorDash, college student",5,150,"None",7,8,8,6,7,"no",7,"Missed miles check wants me to type miles from the DoorDash summary; where is that?","Earnings tracking","Missed miles check","The missed-miles thing is kinda smart. Still just miles though; Gridwise has my earnings too. Free with shifts counting as one is plenty for me."
5,"gig",41,"Female","Northeast - Newark NJ","Full-time Instacart shopper",3,400,"Stride",7,8,7,7,7,"no",6,"Instacart isn't named; does Shifts & rounds cover shoppers?","Receipt and expense tracking (Stride has it)","Free CSV export","Export is free now, so it's not just a pretty number. Shift mode means my 40-minute store stops don't matter. But Stride does expenses too and costs nothing."
6,"gig",66,"Male","Southeast - Tampa FL","Retired, part-time Uber 3 days a week",2,200,"Paper notebook",7,6,7,6,6,"no",6,"The start thing is a slider, not a button; I pressed it and nothing happened","A plain Start and Stop button","Setup that told me which iPhone buttons to press","The setup walked me through the two location questions, that was kind. But the start thing you have to slide. I pressed it like a button for a while."
7,"gig",29,"Male","South - Houston TX","Full-time Amazon Flex driver",4,650,"Everlance",7,8,8,7,7,"no",6,"If I forget to end the shift, does the drive home count as business?","Auto-end shift after the last drop-off","Swipe to start shift (Amazon Flex named)","They actually list Amazon Flex. One swipe per block, all business. That's the fix. If it ended the shift on its own when I forget, I'd leave Everlance."
8,"gig",38,"Female","West - Denver CO","Uber + Lyft multi-app, full-time",4,600,"Gridwise",5,8,8,7,4,"no",3,"Lyft isn't in the list; shift mode lumps Uber and Lyft together","Tag trips by platform (Uber/Lyft)","Shift mode, but no per-app split","Shift mode is nice, but I still can't tell which miles were Uber and which were Lyft. And they list Evri and DPD before Lyft. Who is this for?"
9,"gig",45,"Male","Midwest - Columbus OH","Walmart Spark driver, full-time",3,450,"Stride",6,7,8,7,6,"no",6,"Place types are Home, Work, Client; is a Walmart a client?","Store place type for Spark pickups","Save places from any trip plus shift mode","I can save my three Walmarts from a trip now, they'd just be called Client. Shift mode matters more: start at the first store and everything after is business."
10,"gig",31,"Female","Southeast - Charlotte NC","Part-time DoorDash, nurse",4,120,"None",8,8,8,9,9,"yes",9,"Not sure if my personal drives outside a shift count toward the 40","Reminder to start the shift when I open DoorDash","Shift mode for my weekend dashes","Swipe at the start of my weekend dashes and I'm done. The PDF for my preparer is worth it to me; I get more than $70 back in time saved."
11,"gig",57,"Male","Northeast - Philadelphia PA","Full-time Uber driver, 8 yrs",3,750,"MileIQ",5,7,7,7,4,"no",3,"PDF marks recorded vs edited trips, but there's still no map","Trip maps for audit proof","PDF report that marks recorded vs edited trips","The PDF showing which trips were recorded live is a step toward audit proof. Still no map. MileIQ has maps and I already pay for it."
12,"gig",22,"Female","West - Seattle WA","DoorDash + Grubhub part-time",5,160,"Gridwise",7,8,7,7,7,"no",8,"Grubhub isn't in the shift list","Dark mode for night driving","Shift mode means I skip the 24-hour work hours screen","Shift mode means I never touch the 24-hour work hours thing. Good. Still blinding white at midnight though."
13,"gig",36,"Male","South - Dallas TX","Uber Eats + DoorDash full-time",4,580,"Stride",5,7,7,6,4,"no",3,"Live Recording a drive card means GPS runs my whole shift; what's the battery hit?","Battery usage stats","Shift mode, but no battery numbers","Shift mode is the right idea. 'GPS runs only while you're driving.' I drive ten hours a day. That's the whole day."
14,"gig",49,"Female","Midwest - Detroit MI","Instacart full-service shopper",3,350,"Paper log",7,8,8,7,7,"no",6,"Instacart isn't listed; I guessed Shifts & rounds was for me","Knowing on its own when I'm on Instacart","Shift mode and the missed miles explanation","The missed miles page answered my question: driving between orders counts. Swipe to start beats my paper log. I'd try it free."
15,"gig",26,"Male","West - Las Vegas NV","Full-time Lyft driver",4,620,"Gridwise",4,8,8,5,3,"no",2,"Where my log goes if I break my phone; nothing on screen says","Cloud backup","Free CSV export, which I could email myself as a backup","Still no backup. I guess I could export the CSV every week and email it to myself, but that's me doing the app's job."
16,"gig",61,"Female","Southeast - Orlando FL","Part-time Uber, semi-retired",2,180,"Paper log",7,7,8,6,7,"no",7,"The swipe right/left tip shows once at setup; I'll forget it","Phone support","Step-by-step setup with tips","This time it walked me through. And the chosen button is green now, so I can tell which one I picked."
17,"gig",33,"Male","Northeast - Boston MA","Software dev, weekend DoorDash",5,60,"None",8,9,8,8,9,"no",9,"Whether my data is in my encrypted iPhone backup or nowhere else","Lifetime purchase option","Free CSV export","CSV is free and it says 'it's your data.' Respect. With a shift counting as one drive, free covers my weekends, so I won't pay $70 a year. I'd buy a lifetime unlock."
18,"gig",44,"Male","South - San Antonio TX","Amazon Flex + Spark",3,500,"Stride",6,8,8,7,6,"no",5,"Spark isn't in the list but Evri and DPD are","Import Flex block times","Swipe to start shift instead of a 9-to-5 grid","No more typing my blocks into a 9-to-5 grid. Swipe and go. Import my Flex schedule and remind me, that's the next step."
19,"gig",28,"Female","West - Sacramento CA","DoorDash full-time, single mom",3,480,"Stride",6,8,8,6,6,"no",6,"If I stop for my kid mid-shift I have to remember to swipe it personal","Auto-end shift if I forget","Shift mode","Finally a start button, well, a slider. One swipe and it's all business. If I forget to end it and drive to daycare, that's on me to fix, so it's not hands-off."
20,"gig",70,"Male","Midwest - Milwaukee WI","Part-time Uber, retired teacher",2,140,"Paper log + Excel",8,6,8,8,7,"no",6,"Still not sure why Always is needed if GPS only runs while driving","Bigger text","CSV export that opens in Excel","The CSV opens in Excel, which is what I use anyway. I can print that for my preparer. The setup explained the Always setting better; I'm less nervous."
21,"gig",24,"Male","South - Atlanta GA","Uber + DoorDash multi-app",5,550,"Gridwise",6,8,8,6,5,"no",4,"Missed miles check needs me to type my app miles by hand","Earnings tracking","Missed miles check","Missed miles check is a Gridwise feature where I type the numbers myself. Gridwise reads my accounts. Still just miles with a leaf on it."
22,"gig",39,"Female","Northeast - NYC Queens","Uber Black + Lyft full-time",4,500,"Everlance",7,8,8,6,6,"no",6,"Does each vehicle get its own total on the report, or one lump?","Separate totals per vehicle on the report","Multiple vehicles","I can add my own car and the TLC rental now; that was my dealbreaker. Can't see if the report splits them per car though."
23,"gig",55,"Male","Southeast - Nashville TN","Full-time Uber",3,680,"Stride",7,7,8,7,7,"no",6,"Commute warning still shows on the home screen even with shift mode","Turn off commute rules for gig drivers","Shift mode","Shift mode is good. But the red 'commute isn't deductible' line is still on the home screen. I don't have a work office. Hide it for drivers."
24,"gig",30,"Female","Midwest - Minneapolis MN","Part-time Instacart + Shipt",4,220,"None",7,8,8,7,8,"no",8,"Locked drives on the free plan look like they're held hostage","Receipt scanning for gas","Free plan where a whole shift is one drive","Free plan counts a whole shift as one drive, so I'll basically never hit 40. That's what keeps me. Still want gas receipts in here."
25,"gig",47,"Male","West - Portland OR","DoorDash full-time",3,540,"Stride",6,7,8,6,6,"no",5,"Do personal drives outside a shift still count against the 40 free drives?","Automatic shift detection","Swipe to start shift","One swipe instead of 40 decisions. Huge. It's not automatic, I still have to start it, but it's one thing, not forty."
26,"gig",21,"Male","South - Austin TX","Part-time Uber Eats on e-bike and car",5,90,"None",8,8,8,7,9,"no",9,"What rate does a bicycle shift get? The 76 cents is for cars","Bike miles shown separately on the report","Choosing car or bicycle when I start a shift","Bike or car when I start the shift, exactly what I asked for. Not paying $70 for 90 miles a week, but free covers me."
27,"gig",63,"Female","Southeast - Jacksonville FL","Part-time Lyft",2,170,"Paper log",5,6,7,6,5,"no",4,"Now there's a big slider too; more things that move","Larger text","Setup tips explaining the swipe","At least it told me about swiping this time. But now the start button slides too. I like things that stay still."
28,"gig",35,"Male","West - San Diego CA","Full-time Uber, multi-app",4,640,"Gridwise",6,9,8,6,5,"no",5,"Shift mode doesn't say which app I was on","Platform tags","Shift mode replaces work hours","5pm to 2am Thursday to Sunday is now just a swipe. Fine. Platform tags are still missing, so Gridwise stays."
29,"gig",42,"Female","Midwest - Kansas City MO","DoorDash + Spark",3,420,"Stride",5,7,8,5,3,"no",2,"Milestones call it 'Money back'; so is $4,548 money I get?","Show what I actually save in tax, not the deduction","Milestones 'Money back' badges (made it worse)","They didn't fix it, they doubled down. A 'Money back $2,500' badge. My friend is going to think the IRS mails her that."
30,"gig",32,"Male","Northeast - Pittsburgh PA","Amazon Flex full-time",4,700,"Everlance",6,7,8,7,5,"no",4,"Does swiping the shift start GPS right away, or still wait to detect a drive?","CarPlay / Bluetooth auto start","Shift mode with the live drive card","If the swipe starts recording right away, that fixes my lost first mile. The screens don't say. Everlance still starts on Bluetooth with zero swipes."
31,"gig",25,"Female","West - Salt Lake City UT","Part-time DoorDash",4,130,"None",7,8,8,8,8,"no",8,"What the Missed miles box wants me to type","Weekly totals in the Sunday reminder","Sunday reminder","Sunday reminder is what I wanted. Still no account, still free with shifts. Easy yes to download."
32,"gig",58,"Male","South - Memphis TN","Full-time Uber + Lyft",2,600,"Paper log",5,6,7,7,4,"no",3,"Settings got even longer: country, language, vehicles, shifts, hours, places","Someone to call for help","Guided setup","The setup steps were OK. Then settings has country, language, vehicles, shifts, hours, places. I just want it to count my miles."
33,"gig",37,"Female","Southeast - Miami FL","Uber + DoorDash",4,450,"Stride",7,9,7,7,6,"no",6,"Whether the Select button lets me mark a whole day at once","Clear bulk marking from Select","Shift mode","Shift mode is the 80% fix I asked for. Every drive in the shift is business. Still looks a bit plain to me."
34,"gig",50,"Male","Midwest - Indianapolis IN","Full-time Spark driver",3,550,"Stride",6,7,8,7,6,"no",5,"Sample trips are still all client meetings","Store presets for Spark pickups","Free CSV export","Export is there and free, so it's not a toy anymore. Stride does the same for free, so it's a coin flip."
35,"gig",27,"Male","West - Fresno CA","Grubhub + DoorDash",4,380,"Gridwise",7,8,8,7,6,"no",6,"Missed miles shows one total; no deadhead vs order split per trip","Deadhead vs active miles split","Missed miles check","The missed miles page says it outright: pickup, between orders, home again all count. That was my question. I'd still like the split shown, not just a total."
36,"gig",46,"Female","Northeast - Baltimore MD","Instacart full-time",3,380,"Paper log",6,8,7,7,8,"no",7,"Instacart isn't in the list of delivery apps","Shopper-specific wording","'How do you work?' setup step","At least it asks how I work now. It says Uber Eats, Deliveroo, Evri, not Instacart, and the home screen is still client meetings."
37,"gig",19,"Male","South - Orlando FL","Part-time DoorDash, student",5,100,"None",7,8,9,7,8,"no",8,"Nothing really","Shareable weekly stats","Milestones badges","Badges are kinda fun ngl. Still not paying; free with shifts is plenty."
38,"gig",53,"Male","West - Riverside CA","Full-time Uber",3,800,"MileIQ",5,7,8,7,5,"no",4,"Whether stops under 5 minutes with separate passengers merge, still not explained","Trip maps like MileIQ","Shift mode","Shift mode is smarter than MileIQ for Uber, I'll give it that. At $70 it's not cheaper though. At the $49.99 on the paywall I'd think about it."
39,"gig",40,"Female","South - New Orleans LA","DoorDash + Uber Eats",3,400,"Stride",7,8,8,7,6,"no",5,"Red commute text still looks like an error","Hide commute warnings in shift mode","Shift mode","Shift mode is right. The red text is still there and still looks like something broke."
40,"gig",29,"Male","Midwest - St Louis MO","Amazon Flex part-time",4,260,"Everlance",7,8,8,7,7,"no",6,"Shift mode vs work hours vs learned routes: which one wins?","Flex block import","Shift mode","I don't need to trust auto-sort anymore; I just swipe when the block starts. Privacy is still on-device. I'd try it."
41,"gig",67,"Female","West - Tucson AZ","Part-time Uber, retired",2,120,"Paper log",6,7,7,6,7,"no",6,"'Change to Always Allow'; I needed my grandson for that part","Larger text","Guided setup","The setup told me exactly which buttons to press on the iPhone. I still called my grandson, but only once."
42,"gig",34,"Female","Northeast - Hartford CT","Uber + Lyft",4,420,"Gridwise",7,8,8,6,5,"no",5,"Lyft isn't listed with the delivery apps","Platform tags","Setup asking how I work","OK, now it asks how I work on the first screens. That's what I meant. Still can't tell Uber trips from Lyft trips."
43,"gig",43,"Male","Southeast - Raleigh NC","Full-time DoorDash",4,560,"Stride",7,8,8,6,6,"no",5,"Will shift trips still each say 'Worth $X if business'?","Daily summary instead of per-trip cards","Shift mode","With a shift running I shouldn't get 40 'worth $5.17' nags. If that's how it works, I'm interested."
44,"gig",26,"Female","West - Oakland CA","Uber Eats on scooter + car",4,140,"None",8,9,9,7,8,"no",8,"Moped rate vs car rate; the screen only shows the car rate","Separate mileage totals by vehicle","Moped plus car vehicles in setup","Setup asked if I also use a moped. That's me. Pick the vehicle when the shift starts, done."
45,"gig",60,"Male","Midwest - Cleveland OH","Full-time Lyft",2,520,"Paper log",5,5,6,5,4,"no",3,"Auto: usual route and Auto: commute labels are still there","Large text and simple mode","Guided setup","The setup was clearer. Then the home screen still has 'Auto this, Auto that.' Still don't know what those mean."
46,"gig",31,"Male","South - Oklahoma City OK","Spark + DoorDash",4,480,"Stride",7,8,7,6,7,"no",6,"Spark isn't listed","Store presets","Free CSV export","Export is in and free, with shift mode on top. Now it's actually a Stride competitor."
47,"gig",48,"Female","Southeast - Birmingham AL","Instacart + Shipt",3,330,"Stride",7,8,8,7,7,"no",6,"Instacart and Shipt aren't named","Expense tracking like Stride","Swipe to start shift","No more planning my week ahead. It's a start button like Stride's, just prettier."
48,"gig",37,"Male","West - Albuquerque NM","Full-time Uber",3,600,"Gridwise",5,7,7,7,4,"no",3,"Does sitting in the airport lot end the drive and split the trip?","Airport queue handling","Shift mode","With a shift on, I guess the airport wait doesn't matter, it's all business. Nothing says how it handles the lot though."
49,"gig",28,"Male","Northeast - NYC Bronx","DoorDash on car, full-time",4,350,"None",7,8,8,7,7,"no",7,"Swipe left/right is only explained once in setup","Auto-end shift","Shift mode","I don't need to remember swipe direction if the shift does it for me. That's better."
50,"gig",51,"Female","Midwest - Omaha NE","Part-time Uber, school bus driver",3,150,"Paper log",7,7,8,8,8,"yes",9,"Work hours vs shifts: I have a day job and Uber","Cloud backup","PDF report","A PDF I can give my preparer with the Schedule C numbers. I'd pay for that. The Not now button is still small."
51,"gig",23,"Female","South - Houston TX","DoorDash part-time",5,200,"Gridwise",7,8,8,6,6,"no",6,"Missed miles check needs my DoorDash numbers typed in","Earnings tracking","Fuller settings: vehicles, shifts, language","Settings isn't empty anymore. Feels like a real app now. Still no earnings."
52,"gig",44,"Male","West - Henderson NV","Uber + Lyft full-time",4,720,"Everlance",5,8,8,5,5,"no",4,"Why I can't back it up anywhere but my phone","Cloud backup","Free CSV export","Half there. Export is free. Backup still isn't, and one dead phone still wipes a year of logs."
53,"gig",56,"Female","Southeast - Columbia SC","Part-time DoorDash",2,110,"None",7,7,7,6,6,"no",6,"'Shifts & rounds': rounds of what?","Video tutorial","Guided setup","The setup used plain words. I didn't have to ask anybody what geofence meant this time."
54,"gig",32,"Male","Midwest - Grand Rapids MI","Amazon Flex + DoorDash",4,500,"Stride",8,9,8,6,7,"no",7,"If I forget to end a shift, does it ever end on its own?","Auto-end forgotten shift","Swipe to start shift","That's the product I described. On, off, everything in between is business. It just needs to end the shift if I forget."
55,"gig",39,"Male","South - Louisville KY","Full-time Uber",3,640,"Stride",6,7,7,8,5,"no",4,"'Deductions found' is still not money I get","Real tax savings estimate","Free CSV export","Export, free, good. The green dollar number is still marketing. Stride is free too, so I have no reason to move."
56,"gig",62,"Male","West - Spokane WA","Part-time Lyft, retired",2,130,"Paper log",6,6,7,7,6,"no",5,"Swipe and buttons still both there","Printed log without paying","PDF report (but only on Pro)","There's a printable report now, but it's Pro. The free one is a spreadsheet file. I don't do spreadsheets."
57,"gig",27,"Female","Northeast - Providence RI","Grubhub part-time",4,90,"None",8,9,8,7,8,"no",8,"Nothing major","Weekly totals","Sunday reminder","The Sunday nudge is nice. Low miles, free plan, runs in the background. Good."
58,"gig",45,"Female","South - El Paso TX","DoorDash full-time",3,500,"Stride",6,8,8,8,6,"no",5,"30 shifts plus my errands: will I hit 40 and get drives locked?","Auto-end forgotten shift","Shift mode","Seven days a week, different hours. Shift mode works for that. But 30 shifts plus my grocery runs, am I hitting 40 and getting drives locked?"
59,"gig",35,"Male","Southeast - Atlanta GA","Uber Black full-time",4,560,"MileIQ",7,8,9,8,8,"yes",8,"Shifts or work hours when I do both private clients and Uber?","Cloud backup","Multiple vehicles and PDF export","Two vehicles and a clean PDF for my accountant. That's what I asked for. I'd pay; it beats MileIQ plus my spreadsheet time."
60,"gig",30,"Male","West - Long Beach CA","Amazon Flex",4,580,"Gridwise",5,8,8,6,4,"no",3,"Live recording card during a 4-hour block: what's that doing to my battery?","Battery usage stats","Shift mode (Amazon Flex named)","Flex is listed and the shift thing makes sense. Battery is still unproven."
61,"gig",54,"Female","Midwest - Des Moines IA","Instacart part-time",3,160,"Paper log",6,7,7,6,6,"no",5,"Instacart isn't named","Receipt scanning","Shift mode","Shift mode helps the mileage half. Gas receipts are still in my cup holder."
62,"gig",22,"Male","South - Tallahassee FL","DoorDash + Uber Eats student",5,170,"None",5,9,8,7,5,"no",4,"Why there's still no map","Trip maps","nothing important","Still no map. Lots of new screens, badges, tax dates, but no map."
63,"gig",41,"Male","Northeast - Newark NJ","Uber + Lyft full-time",3,680,"Gridwise",5,7,7,7,3,"no",2,"Missed miles: I have to type Uber's numbers in myself","Platform integration","Shift mode","Shift mode stops the guessing, I'll admit. But Gridwise reads my Uber account. This makes me copy numbers from summaries."
64,"gig",33,"Female","West - Boise ID","DoorDash part-time, mom",3,140,"None",7,8,8,6,7,"no",7,"A kid pickup during a shift gets counted as business","A quick 'pause shift' button","Shift mode","Shift mode is simple, but it's exactly my worry: the school run in the middle of a dash is now business unless I remember to swipe it."
65,"gig",65,"Male","Southeast - Charleston SC","Part-time Uber",2,160,"Paper log",5,6,7,6,5,"no",4,"Small grey text on the trip cards","Bigger text","Big start shift slider","The shift slider is big, I can see that one. Everything under it is still small and grey."
66,"gig",38,"Male","Midwest - Cincinnati OH","Spark full-time",4,520,"Stride",7,8,8,7,6,"no",6,"Save places has no 'store' type","Store presets","Shift mode","With shift mode I don't care whether it merges my drop-offs. It's all business either way."
67,"gig",47,"Female","South - Baton Rouge LA","DoorDash + Instacart",3,430,"Stride",6,7,8,6,6,"no",5,"Red commute line is still there","Hide commute warnings for drivers","Shift mode","Swipe to start shift is good. The red commute line still made me jump."
68,"gig",25,"Male","West - Phoenix AZ","Uber + DoorDash",5,600,"Gridwise",4,8,8,6,3,"no",2,"Why it's still a mileage-only app","Earnings + expenses","nothing important","More screens, badges, tax dates. Still miles only. Gridwise is free and does earnings. No reason to switch."
69,"gig",59,"Male","Northeast - Albany NY","Full-time Uber",3,480,"MileIQ",6,7,8,6,6,"no",5,"Swiping still","Trip maps","PDF report","Now it does the report like MileIQ. At $70 it costs more than what I pay MileIQ. Why switch?"
70,"gig",29,"Female","Southeast - Tampa FL","Uber Eats part-time",4,120,"None",8,8,9,7,9,"no",9,"Nothing","Lock-screen widget","Milestones","Milestones! It's literally a motivator now. Sunday reminder too."
71,"gig",42,"Male","West - Reno NV","Amazon Flex + Uber",4,620,"Everlance",6,8,8,8,6,"no",5,"Shift mode doesn't separate Flex from Uber","Per-app tags inside a shift","Shift mode","Shift mode is in, so the 40% wrong guesses are gone. Next ask: tell me which shift was Flex and which was Uber."
72,"gig",36,"Female","Midwest - Madison WI","Instacart full-time",4,300,"Stride",7,8,8,6,7,"no",6,"Settings still pushes learned routes and work hours","Expense tracking","Shift mode","Shift mode doesn't care about routes. Good, because there are none in grocery delivery."
73,"gig",72,"Male","Southeast - Sarasota FL","Part-time Uber, retired",1,90,"Paper log",5,6,6,6,4,"no",4,"Pretty much everything after setup","Paper-like printable log","Guided setup (not enough)","The setup was better. After that, I'm lost again. I'll keep my notebook."
74,"gig",28,"Male","South - Dallas TX","DoorDash + Grubhub full-time",4,550,"Stride",6,8,7,5,5,"no",4,"Select button: does it bulk tag or not?","Bulk tag for drives outside a shift","Shift mode","Shift mode basically is bulk tagging. Fine, it's in the conversation now."
75,"gig",50,"Female","Northeast - Worcester MA","Part-time Lyft, office worker",3,140,"Paper log",8,8,8,8,8,"yes",8,"Work hours for my day job and shifts for Lyft: can I use both?","Cloud backup","Shift mode for evening Lyft","Swipe on when I start Lyft after work. My spreadsheet can retire. Still yes on paying, mostly for the PDF."
76,"gig",31,"Male","West - Bakersfield CA","Full-time Spark + Flex",4,750,"Stride",7,8,8,7,7,"no",6,"Spark isn't in the list","Auto-end forgotten shift","Free CSV export plus shift mode","Both my asks are in. Export is free and shift mode works. Now it's a real contender against Stride."
77,"gig",24,"Female","Southeast - Savannah GA","DoorDash part-time",4,110,"None",7,8,8,6,8,"no",8,"Nothing much","Dark mode","Swipe to start shift","The shift slider is satisfying. Still want dark mode for night dashes."
78,"gig",46,"Male","Midwest - Toledo OH","Uber + Lyft",3,520,"Gridwise",5,8,8,6,4,"no",4,"Platform still not shown on trips","Platform tags","nothing important","Still doesn't know my Uber trips from my Lyft trips. Lots of new stuff, not that."
79,"gig",34,"Male","South - Little Rock AR","Spark full-time",3,480,"Stride",6,7,7,7,5,"no",5,"Spark isn't named; is it a delivery app to them?","Store presets","Shift mode","Shift mode works for Spark even if they didn't name it. Still nothing Spark-specific."
80,"gig",57,"Female","West - Colorado Springs CO","Part-time Uber",3,200,"Paper log",6,8,7,6,7,"no",6,"Missed miles check: what do I type in?","Free printable log","Guided setup walkthrough","That's the walkthrough I asked for. Short, and it told me what to tap."
81,"gig",26,"Male","Northeast - NYC Brooklyn","DoorDash on car + e-bike",5,180,"None",7,8,7,7,8,"no",7,"What rate bicycle miles get; the IRS standard rate is for cars","Bike miles kept off the deduction by default","Bicycle as a vehicle in shifts","I can pick e-bike when the shift starts. Good. Now show me it won't put 76 cents a mile on my bike rides."
82,"gig",40,"Male","Southeast - Lexington KY","Uber full-time",4,560,"Stride",6,8,7,6,6,"no",5,"Home screen still shows client meetings","Auto-end forgotten shift","Shift mode","They basically renamed it to shifts. OK, we can talk."
83,"gig",35,"Female","South - Fort Worth TX","Instacart + DoorDash",4,400,"Gridwise",6,8,8,7,6,"no",5,"Locked drives make the free plan feel like a trial","Expense tracking","Free CSV export","Export is free now, so I'd download. Pay $70 a year when Stride is free? Still never."
84,"gig",64,"Female","Midwest - Wichita KS","Part-time Lyft",2,100,"Paper log",6,6,7,7,6,"no",5,"iOS asking twice about location","Phone support","Setup explaining Always location","It explained the 'Always' part better and said GPS only runs while driving. I'm a little less nervous."
85,"gig",30,"Male","West - Tacoma WA","Amazon Flex full-time",4,680,"Everlance",6,8,8,7,5,"no",4,"Does the shift start recording immediately?","CarPlay / Bluetooth start","Shift mode","Swipe to start is OK. Everlance's Bluetooth start needs no swipe at all."
86,"gig",37,"Male","Northeast - Rochester NY","DoorDash full-time",3,470,"Stride",7,8,8,6,6,"no",5,"Does it split a trip when I wait at the restaurant?","Detailed stops in the log","Shift mode","Shift mode is solid. I'm still worried the restaurant waits disappear into one long trip."
87,"gig",48,"Male","Southeast - Greenville SC","Uber + Lyft",3,500,"MileIQ",6,8,8,7,7,"no",6,"No word on backup anywhere","Cloud backup","Free CSV and PDF export (but still no backup)","Export landed, backup didn't. I'm not moving a year of MileIQ history onto one phone with no backup."
88,"gig",21,"Female","West - Los Angeles CA","Uber Eats part-time",5,80,"None",7,8,8,6,8,"no",8,"Nothing much","Lock-screen widget","Milestones and fuller settings","Settings has real stuff now and the milestones are cute. Still want the widget."
89,"gig",43,"Female","Midwest - Springfield IL","Instacart full-time",3,350,"Stride",7,8,8,7,6,"no",5,"Instacart isn't named in the list","Expense tracking","Swipe to start shift","Start and stop, basically. Swipe on, swipe off. That's what I asked for."
90,"gig",32,"Male","South - Jackson MS","DoorDash full-time",3,520,"None",7,8,8,7,8,"no",7,"Whether I need to pay quarterly; the page says 'some people'","Quarterly tax estimate","Tax dates page and free CSV export","Now I know what happens at tax time: export, Schedule C, April 15. The tax dates page told me about quarterly payments I didn't know about."
91,"gig",53,"Male","West - Modesto CA","Uber + Amazon Flex",3,700,"Paper log",7,7,8,7,6,"no",6,"It still asks Business or personal outside a shift","Auto-end shift","Shift mode","Swipe at the start and everything's business. It finally stopped asking. Mostly."
92,"gig",28,"Female","Northeast - Syracuse NY","Uber part-time, grad student",5,90,"None",8,8,8,8,8,"no",8,"Nothing","Lifetime purchase option","Free CSV export","Export came, and it's free. At 90 miles a week I'll never hit 40 drives, so I don't need Pro. I'd still buy a lifetime."
93,"gig",39,"Male","Southeast - Richmond VA","Spark + DoorDash",4,450,"Stride",7,8,8,6,7,"no",7,"Spark isn't in the list","Expense tracking","Shift mode","Now it's about even with Stride. Prettier, but Stride has expenses."
94,"gig",60,"Female","South - Shreveport LA","Part-time Uber",2,120,"Paper log",6,6,7,6,6,"no",5,"Text is still small","Larger text","Guided setup","Setup was easier; my nephew barely had to help. The text is still small."
95,"gig",27,"Male","West - Mesa AZ","Uber + Lyft + DoorDash",5,650,"Gridwise",5,7,8,8,3,"no",1,"Shift mode treats three apps as one blob","Platform integration + earnings","Shift mode (doesn't solve multi-app)","Shift mode treats all three apps as one blob. Gridwise knows which is which. Still no."
96,"gig",45,"Male","Midwest - Akron OH","Amazon Flex",3,540,"Stride",7,8,8,6,6,"no",6,"Work hours section still sits next to shift mode in settings","Flex block import","Swipe to start shift","No Flex import, but a swipe per block is fine. Better than a work-hours grid."
97,"gig",33,"Female","Southeast - Durham NC","Lyft part-time",4,150,"None",7,8,8,7,8,"no",8,"Lyft isn't listed in the shift apps","Weekly totals","Sunday reminder","Sunday reminder, check. Setup is still short and clear. Trying it."
98,"gig",51,"Male","South - Corpus Christi TX","DoorDash full-time",3,560,"Stride",6,7,8,6,6,"no",5,"It lists Deliveroo and Evri but not DoorDash","Auto-end forgotten shift","Shift mode","It speaks some gig now. British gig. Deliveroo and Evri, no DoorDash. Shift mode still works though."
99,"gig",38,"Female","West - Eugene OR","Instacart + DoorDash",4,300,"Gridwise",7,8,8,6,7,"no",7,"Nothing big","Bulk tag outside shifts","Shift mode plus 'new drives start as business' toggle","Default everything to business on shift: they did literally that. Now it's worth trying."
100,"gig",44,"Female","Southeast - Montgomery AL","Grubhub + Uber Eats full-time",3,460,"Stride",7,8,8,7,7,"no",7,"Sample cards still say 'Auto: in your work hours'","Auto-end forgotten shift","'How do you work?' step with shift option","Now I picked shifts and it knows. No more guessing from work hours I never set."
